temperature,humidity,rainfall,soil_moisture,solar_rad,crop_stage,water_mm_per_week
26.74,53.09,45.76,30.93,20.24,1,10.0
37.11,52.35,64.43,11.9,19.68,1,13.24
33.18,85.31,60.81,39.9,9.63,0,10.0
30.78,52.48,12.31,29.52,23.68,1,17.19
22.81,53.6,11.94,11.29,17.66,1,22.85
22.81,77.97,21.45,43.49,14.18,2,10.0
21.05,62.49,28.89,25.73,20.86,0,11.38
35.59,78.84,32.68,7.92,12.38,1,15.12
30.82,43.27,54.38,30.07,19.79,1,10.0
32.75,64.38,4.53,15.13,8.68,1,16.81
20.37,41.68,2.77,37.15,22.27,2,17.46
37.46,43.13,31.35,37.71,15.62,1,10.0
34.98,85.32,55.77,44.16,18.82,2,10.0
23.82,46.96,15.47,25.07,11.76,1,10.0
23.27,66.62,51.32,23.2,19.51,1,11.36
23.3,60.55,20.79,35.14,21.13,0,10.0
25.48,57.37,70.89,10.3,16.04,0,10.0
29.45,84.99,71.66,26.88,18.5,0,10.0
27.78,41.09,23.78,26.85,15.76,0,10.0
25.24,73.19,18.4,8.58,23.2,0,27.69
31.01,88.17,32.9,21.72,16.46,0,10.0
22.51,68.01,19.24,39.13,22.31,0,10.0
25.26,86.84,53.79,39.25,21.62,2,10.0
26.59,42.61,66.09,8.97,14.98,0,10.0
28.21,60.94,53.85,8.63,11.91,1,10.0
34.13,53.01,65.95,15.51,14.9,0,10.0
23.59,76.54,31.76,39.99,22.05,2,10.38
29.26,89.06,12.51,10.16,11.87,2,26.09
30.66,52.83,59.04,33.8,16.92,1,10.0
20.84,72.71,28.84,9.05,21.7,1,15.06
30.94,49.9,53.7,29.93,14.01,0,10.0
23.07,68.27,21.65,19.24,18.92,2,19.12
21.17,63.2,6.5,36.56,12.18,2,10.0
37.08,88.6,79.41,14.35,9.86,2,10.0
37.38,70.43,12.5,30.57,21.5,1,21.11
34.55,57.48,79.07,14.43,9.68,1,10.0
25.48,45.7,78.18,33.55,12.61,2,10.0
21.76,47.56,63.51,39.95,22.54,0,10.0
32.32,51.27,52.75,10.07,13.89,1,10.0
27.92,52.55,46.22,39.66,24.54,0,10.0
22.2,82.53,69.29,28.74,24.66,2,10.0
28.91,68.06,23.16,10.08,12.56,0,13.41
20.62,66.17,37.41,22.1,8.7,0,10.0
36.37,45.74,49.55,11.43,19.99,1,10.57
24.66,83.01,32.9,33.01,15.67,1,10.0
31.93,76.14,34.2,35.35,9.71,1,10.0
25.61,43.38,26.42,9.23,20.03,0,15.26
29.36,75.39,45.14,25.25,8.53,0,10.0
29.84,67.18,68.05,37.59,22.79,1,10.0
23.33,44.09,16.12,42.45,10.36,2,10.0
37.45,62.92,74.75,25.54,10.16,2,10.0
33.95,64.23,55.13,43.01,10.99,1,10.0
36.91,48.29,65.86,26.43,24.32,2,24.22
36.11,87.28,44.5,20.77,19.78,1,19.05
30.76,82.5,62.36,38.93,21.62,1,10.0
36.59,73.45,1.3,24.72,14.76,1,25.03
21.59,63.11,65.47,23.88,13.72,1,10.0
23.53,60.59,3.21,24.61,11.99,1,15.85
20.81,72.55,71.19,38.87,16.17,1,10.0
25.86,67.27,79.36,38.28,17.38,1,10.0
27.0,43.11,23.53,21.14,18.74,0,15.59
24.88,65.63,16.83,18.33,12.37,0,10.0
34.92,80.32,61.23,24.68,24.13,1,11.68
26.42,62.96,20.24,27.91,10.89,0,10.0
25.06,42.6,69.24,14.53,24.42,0,12.24
29.77,79.31,8.23,36.76,8.25,1,11.3
22.54,50.07,10.08,24.46,16.18,1,11.81
34.44,52.93,78.33,18.36,13.67,1,10.0
21.34,48.24,53.91,9.27,15.64,1,10.0
37.76,56.51,67.75,14.55,17.7,2,23.12
33.9,77.84,25.95,42.97,15.41,2,14.65
23.58,65.97,54.12,17.2,15.05,2,16.21
20.1,50.24,47.54,11.75,20.46,1,10.0
34.68,83.89,48.25,23.43,19.66,1,10.0
32.72,83.98,54.6,17.28,22.17,2,11.52
33.12,83.53,46.03,6.41,12.25,0,10.0
33.88,51.94,34.32,17.93,18.36,0,12.43
21.33,62.56,22.07,26.76,17.95,1,10.0
26.45,89.25,61.49,27.07,14.29,0,10.0
22.09,78.6,18.1,19.26,16.26,2,21.8
35.54,41.36,55.39,22.89,13.33,1,10.0
31.22,43.26,18.67,43.62,10.41,1,10.0
25.96,63.2,50.03,20.09,11.63,1,10.0
21.14,85.46,59.77,15.33,9.79,1,10.0
25.6,66.94,17.5,14.74,19.61,0,11.09
25.85,64.89,4.8,23.31,19.23,1,24.3
33.13,45.27,10.48,35.38,24.16,1,14.24
31.48,72.84,48.48,13.24,20.4,1,12.54
35.97,81.11,67.96,33.37,8.88,1,10.0
28.5,59.02,3.6,5.85,23.03,0,23.81
22.15,78.78,58.73,21.76,22.67,0,10.0
32.84,88.22,27.31,36.03,15.54,0,10.0
33.69,50.19,38.28,18.55,17.96,1,21.07
30.1,66.17,74.31,27.55,24.59,2,10.0
33.88,54.36,26.56,13.2,17.05,2,26.55
28.89,79.64,37.23,34.68,23.39,1,13.81
29.41,68.88,1.09,7.09,9.41,1,17.03
27.7,71.73,6.53,39.1,11.25,1,10.0
20.46,79.9,20.69,12.93,15.49,0,11.25
21.94,59.8,2.23,39.98,17.94,0,10.0
20.57,85.75,50.51,19.1,21.88,2,13.35
31.46,66.65,34.11,33.91,24.8,1,12.74
25.66,47.9,43.85,17.77,14.61,2,10.0
29.15,74.79,13.97,41.24,8.81,1,12.04
36.34,79.66,23.67,10.07,21.62,1,18.96
24.49,55.84,53.11,12.14,18.27,0,10.0
27.39,82.86,77.22,24.72,11.38,0,10.0
33.6,85.31,4.03,8.28,16.41,1,25.34
24.12,53.85,71.23,12.84,20.62,1,10.0
21.39,89.18,46.15,42.75,21.1,0,10.0
25.22,47.04,45.11,44.06,16.49,0,10.0
22.9,50.1,40.02,20.05,13.19,0,10.0
36.73,49.21,5.55,41.93,24.55,1,24.1
34.55,84.7,7.19,26.79,19.28,1,22.15
31.4,72.71,48.07,15.79,14.94,0,10.0
35.69,47.61,27.28,33.1,12.77,0,10.0
34.47,62.02,73.38,31.36,20.43,0,10.0
23.36,70.76,32.53,44.57,12.12,1,10.0
36.07,44.17,11.46,15.6,10.92,0,12.86
29.71,84.12,57.18,31.88,17.01,1,10.0
34.53,80.18,23.47,7.08,12.93,0,12.92
36.13,65.26,42.04,9.55,18.69,0,10.0
25.72,88.36,55.83,5.16,10.0,2,10.0
21.98,60.89,72.02,44.98,19.13,1,10.0
24.1,89.21,63.38,37.09,12.82,0,10.0
27.69,73.4,54.11,36.47,8.0,2,10.0
34.72,71.73,54.37,25.39,10.16,1,10.0
35.49,48.3,75.67,17.0,23.87,2,12.84
20.13,84.1,23.67,11.05,22.75,1,25.84
29.19,61.37,0.09,16.39,11.97,1,11.81
27.51,48.11,21.76,20.04,21.23,2,14.59
24.0,40.63,17.43,35.25,18.35,0,10.0
22.16,67.99,52.95,26.59,24.51,1,11.83
26.08,66.37,50.7,8.1,14.35,1,10.0
36.97,75.97,47.48,5.72,19.58,0,16.83
25.82,84.51,1.3,9.09,9.08,0,17.31
29.34,43.97,58.3,21.42,14.74,0,10.0
32.65,76.57,25.88,42.33,24.38,1,17.23
26.55,49.37,53.2,30.5,17.16,1,10.0
37.49,82.91,44.53,37.07,12.89,1,10.0
37.32,80.95,27.42,23.65,10.04,0,12.9
24.53,67.04,10.77,19.47,19.96,1,24.58
28.95,75.51,7.55,9.34,18.96,2,29.94
25.42,55.72,66.52,40.04,14.36,1,10.0
25.13,63.56,73.47,36.33,24.17,1,10.0
20.66,81.08,51.98,11.72,8.38,1,10.0
30.97,62.96,8.27,25.49,13.16,1,17.55
29.05,57.89,32.16,24.49,23.66,1,14.37
20.93,64.71,58.32,30.0,13.46,2,10.0
25.02,81.41,62.39,42.85,12.29,1,10.0
36.35,56.76,9.46,28.19,17.08,2,24.76
24.31,48.69,0.0,26.61,22.0,0,14.9
22.61,75.6,56.97,7.01,9.75,0,10.0
28.81,81.3,28.53,7.52,24.03,0,27.05
37.74,45.03,20.36,12.49,21.52,1,12.97
24.36,51.99,1.03,6.3,11.08,1,21.5
32.1,47.1,43.22,34.73,20.1,0,10.0
33.71,57.4,68.09,33.93,14.54,0,10.0
24.28,62.52,76.61,10.44,14.84,2,10.0
33.11,77.44,45.26,38.44,21.32,2,14.37
26.62,72.56,41.16,11.19,24.37,1,15.47
31.38,71.05,6.8,17.05,10.15,1,10.0
31.4,57.62,43.91,14.96,15.15,1,10.0
29.64,82.07,30.4,19.89,16.18,1,14.25
21.63,63.56,48.57,15.19,14.4,2,11.12
35.04,88.96,31.1,24.56,14.17,0,10.0
25.77,71.71,19.22,21.3,8.89,1,11.85
23.36,46.31,7.6,44.46,19.65,1,10.0
20.73,73.81,25.19,7.24,15.42,1,15.39
30.64,56.26,7.73,10.69,11.31,1,16.47
32.2,74.32,14.15,7.11,21.87,1,29.35
20.3,43.48,78.99,30.03,21.64,0,10.0
29.22,48.74,35.53,7.18,16.27,1,10.0
24.08,82.79,42.55,38.46,13.07,0,10.0
31.61,51.36,69.89,25.48,18.85,0,10.0
23.14,81.85,79.65,26.08,12.9,0,10.0
32.44,53.96,46.62,27.46,12.01,1,10.0
26.96,72.14,65.0,11.83,20.42,1,17.53
36.86,74.71,26.16,12.91,8.69,1,23.58
22.48,65.63,24.46,17.75,9.61,1,10.0
26.14,55.27,32.22,28.74,8.12,1,10.0
22.04,50.63,53.8,13.4,10.6,1,10.0
36.64,41.66,54.58,9.65,9.17,1,10.0
35.79,55.2,25.22,43.8,24.93,1,10.0
24.64,72.66,10.66,5.88,12.91,1,17.96
31.88,86.92,50.59,37.11,10.54,1,10.0
34.71,83.56,10.27,36.52,12.1,2,11.36
29.99,78.3,46.28,16.89,23.91,2,19.02
29.53,79.42,55.47,10.43,16.84,0,10.0
24.35,73.25,56.05,10.83,14.2,0,10.0
21.68,53.01,60.28,32.9,22.85,1,10.0
36.15,85.36,69.83,30.71,14.71,1,10.0
36.21,73.54,40.0,36.31,13.7,0,10.0
31.4,68.02,58.42,42.5,11.52,2,10.0
26.1,45.55,49.53,32.68,14.42,0,10.0
26.29,62.35,14.93,11.23,13.38,2,19.31
33.07,63.02,2.06,14.74,19.51,1,29.01
36.15,83.23,22.76,38.69,12.92,1,10.0
35.97,67.33,35.44,13.37,17.81,0,19.18
34.04,59.02,49.37,7.9,9.12,0,10.0
31.56,88.84,68.0,33.13,11.25,1,10.0
21.51,45.54,15.7,21.1,14.93,0,15.32
22.91,61.13,10.04,41.8,23.93,1,14.86
36.17,42.1,77.08,31.01,14.41,1,10.0
30.92,77.0,8.64,8.62,19.29,0,25.37
20.17,85.9,38.28,42.91,12.34,0,10.0
21.83,54.0,46.85,15.34,10.16,1,10.0
31.94,82.92,43.31,18.49,9.0,0,10.0
20.09,54.61,6.88,21.09,13.19,0,10.0
22.89,85.54,4.56,7.05,10.68,1,18.28
29.88,77.7,8.44,24.86,10.96,2,13.96
32.45,80.25,46.85,9.93,20.93,1,17.96
31.74,40.9,43.55,21.04,8.27,0,10.0
24.04,88.14,18.7,19.03,17.48,1,20.67
32.82,76.33,51.02,35.91,14.45,2,10.0
24.27,55.24,65.61,37.13,16.61,1,10.0
25.86,81.47,3.33,11.14,17.57,1,18.46
33.44,54.08,39.85,19.66,13.33,1,10.32
31.69,83.64,55.14,19.93,13.02,1,10.0
35.29,45.63,20.18,11.06,20.47,0,22.69
31.84,75.18,24.62,36.94,22.81,1,10.0
30.23,67.03,49.09,33.29,11.27,1,10.0
21.69,44.83,71.83,12.62,9.66,2,10.0
26.62,52.09,64.79,19.67,23.26,0,10.0
24.77,40.62,46.65,9.23,13.95,0,10.0
24.39,63.44,58.42,30.13,17.37,1,10.0
37.51,55.06,29.19,9.85,14.11,1,20.31
27.08,69.92,51.28,44.44,10.14,1,10.0
36.06,54.86,37.29,36.23,18.02,0,10.0
31.36,55.0,15.19,20.61,16.93,0,10.0
34.31,77.16,56.14,28.14,11.45,1,10.0
29.05,42.41,44.52,41.45,15.68,1,10.0
30.38,85.14,28.69,27.16,21.55,2,15.41
28.87,82.61,72.91,11.98,18.04,1,10.0
23.51,73.39,1.67,20.15,9.65,1,10.0
33.0,69.66,25.26,38.73,17.32,1,10.0
25.05,84.62,4.55,30.77,19.95,1,16.41
20.44,49.27,61.32,31.03,21.48,1,10.0
31.62,43.95,56.17,39.67,18.69,2,10.0
23.19,51.98,26.51,40.76,10.6,0,10.0
36.93,79.73,54.05,41.79,20.07,1,16.14
37.17,41.73,31.67,8.79,19.51,0,17.2
36.47,69.14,60.5,26.77,8.42,1,10.0
26.66,89.77,36.33,34.62,15.0,1,10.0
20.28,82.78,32.98,35.28,13.66,0,10.0
36.71,66.07,74.78,29.27,19.38,2,10.0
27.71,43.18,20.07,11.67,11.67,0,16.55
37.4,81.57,9.64,36.9,18.04,1,10.0
37.35,69.95,46.76,33.8,23.52,2,16.0
35.35,45.75,77.55,8.45,21.56,0,10.0
25.3,44.69,30.23,23.55,23.66,1,17.95
26.93,85.48,4.96,11.96,24.63,0,24.36
35.32,73.46,27.14,18.5,8.18,0,10.0
25.7,81.46,40.47,5.72,18.59,1,10.86
23.05,83.95,12.95,21.01,15.02,2,23.63
30.02,68.59,52.65,27.0,22.62,0,10.0
36.85,65.87,79.82,29.78,12.28,1,10.0
32.53,61.52,36.14,31.54,24.68,1,10.0
30.26,55.85,28.38,38.45,18.43,2,10.0
21.75,61.73,32.06,13.62,21.49,0,14.23
31.07,78.69,9.21,9.82,9.46,1,11.12
37.82,70.1,70.66,39.06,11.12,1,10.0
22.52,84.63,33.19,11.26,20.89,1,17.49
29.33,62.17,30.98,43.99,8.37,2,10.0
35.79,70.35,52.78,38.7,21.89,2,12.26
33.33,71.57,35.36,25.04,8.24,0,10.0
32.55,69.58,51.86,44.26,19.17,1,10.0
32.64,75.13,4.92,8.9,14.21,1,21.05
26.47,51.87,65.1,17.12,18.4,1,10.0
25.28,65.62,75.24,30.53,19.83,1,10.0
34.57,45.21,51.9,19.0,13.82,1,10.0
34.58,59.23,76.37,42.13,9.84,1,10.0
35.61,64.38,12.11,7.63,9.18,2,19.35
36.44,72.61,38.19,26.98,18.01,0,10.0
29.2,87.53,48.14,28.63,16.85,2,10.0
29.03,70.03,46.54,31.11,20.62,1,10.0
34.37,77.18,32.12,15.23,16.67,1,14.12
31.7,65.31,27.05,19.58,15.18,2,19.34
32.64,71.71,10.15,38.75,14.77,1,10.0
34.32,43.55,31.34,12.8,8.45,1,16.31
36.02,52.72,13.01,38.07,13.7,1,17.67
26.08,58.09,58.75,27.51,24.59,1,10.0
26.76,63.62,16.71,35.49,22.85,2,25.52
21.69,42.28,4.69,33.54,13.6,2,10.41
30.41,47.0,44.19,13.3,17.99,0,10.69
20.65,53.84,47.62,27.75,22.4,0,10.0
28.38,88.58,69.75,39.71,15.5,1,10.0
29.77,56.57,46.16,22.28,8.31,0,10.0
25.16,64.1,27.64,43.66,9.27,1,10.0
30.63,49.8,64.24,23.09,16.68,0,10.0
20.55,70.54,43.22,10.71,24.48,1,10.0
20.67,54.03,6.34,20.58,19.78,0,14.95
34.81,50.35,45.27,43.07,9.21,1,10.0
26.48,65.83,72.64,17.79,11.22,1,10.0
22.29,40.28,31.71,39.72,21.11,1,10.0
29.4,40.38,23.71,40.25,22.3,2,10.0
33.86,50.95,11.48,19.01,18.5,2,23.39
23.88,41.84,12.12,8.33,18.96,1,27.5
31.21,45.4,34.62,33.98,8.48,0,10.0
21.54,56.94,47.65,17.46,22.09,2,13.57
20.93,80.13,6.45,36.32,21.4,2,11.27
29.56,68.6,75.17,22.71,12.4,2,10.0
29.73,65.63,60.41,24.41,20.05,0,10.0
31.47,54.67,46.93,36.12,11.65,2,10.0
33.07,86.59,66.28,20.29,8.69,0,10.0
37.57,59.85,6.41,22.73,11.42,1,15.8
29.29,44.35,38.15,20.05,11.04,2,10.0
25.81,70.85,50.41,19.69,13.74,0,10.0
34.31,45.69,66.29,26.04,15.11,2,10.0
24.87,57.26,62.68,37.35,16.65,1,10.0
27.9,65.37,22.17,19.47,16.1,2,18.58
21.41,83.71,75.27,25.97,12.6,0,10.0
20.46,64.68,9.95,31.83,8.5,2,10.0
37.33,75.11,70.01,15.78,18.29,0,10.0
35.05,89.64,77.68,16.1,14.73,1,10.0
32.53,46.57,14.17,42.34,13.08,1,10.0
27.36,53.74,57.77,33.94,22.74,1,10.0
23.12,59.73,3.22,28.09,20.69,0,10.0
22.82,61.09,32.43,30.91,22.58,1,10.0
24.5,60.55,41.3,6.17,16.41,0,10.0
29.89,85.38,46.45,29.72,10.23,1,10.0
32.86,75.7,74.87,25.38,19.84,0,10.0
31.88,70.4,53.78,26.83,11.5,2,10.0
25.04,55.47,38.5,19.38,15.5,0,11.53
37.19,81.19,64.77,8.26,9.11,0,10.0
33.28,87.75,76.04,12.73,22.03,0,10.0
29.98,81.06,1.77,43.03,10.14,1,10.7
31.01,40.08,78.6,21.35,23.35,0,10.0
27.55,71.82,6.89,23.67,22.69,1,20.01
24.46,42.56,65.15,7.11,15.9,2,12.78
26.41,52.88,22.43,6.5,20.65,1,16.6
33.64,42.98,10.57,33.69,18.53,1,18.36
20.26,70.19,35.19,26.52,21.65,0,10.0
22.09,74.33,51.52,25.35,15.34,1,10.0
20.83,45.72,30.48,14.72,21.36,0,11.32
20.73,59.19,4.37,34.79,15.86,1,17.57
35.4,62.81,47.96,11.73,24.0,0,10.0
32.67,58.45,72.19,12.6,16.27,1,10.0
28.54,46.05,30.66,23.43,15.86,1,13.99
21.76,60.95,17.31,16.45,21.35,2,23.45
28.85,77.56,35.41,14.9,21.97,0,13.78
28.52,43.55,3.87,30.81,17.43,1,11.53
23.12,44.01,65.64,31.04,11.06,0,10.0
27.81,57.74,66.11,37.98,15.95,1,10.0
27.17,87.09,47.04,21.71,24.46,2,16.69
31.09,73.43,28.25,7.92,20.8,1,24.26
31.43,73.93,63.98,15.95,21.79,1,10.0
20.82,58.1,44.37,44.2,8.56,2,10.0
26.74,69.68,66.07,28.85,15.95,1,10.0
31.27,40.51,50.52,33.39,18.99,1,10.0
29.06,71.8,62.75,5.29,22.11,1,24.69
35.42,85.66,47.89,25.73,8.84,1,10.0
31.86,70.63,33.13,6.5,22.49,0,22.78
22.93,83.68,76.64,27.77,17.32,2,10.0
21.27,76.2,43.29,41.83,11.35,1,10.0
31.56,46.03,48.41,43.74,13.39,0,10.0
20.48,85.12,17.64,26.62,12.79,1,10.0
30.54,43.32,50.05,23.33,17.02,1,10.0
36.92,66.7,45.73,42.8,8.88,0,10.0
30.36,47.11,14.79,31.94,10.7,1,10.0
26.99,40.59,4.77,7.6,21.82,2,34.52
31.58,61.1,48.35,23.63,10.25,2,10.12
28.25,54.75,61.1,14.61,11.97,2,10.0
29.82,64.3,41.87,23.79,15.71,2,11.71
36.95,68.86,18.14,23.22,16.79,0,15.06
26.95,42.19,53.32,28.29,20.98,1,10.0
37.3,46.15,6.41,19.27,15.6,2,21.96
36.3,67.93,35.35,11.57,21.43,1,27.57
23.52,57.16,13.07,25.15,18.51,1,15.64
21.25,76.46,14.76,38.21,9.92,1,10.0
21.81,72.61,16.18,31.56,10.66,1,10.0
20.33,82.28,30.94,18.53,15.43,2,10.0
21.7,74.62,4.09,42.42,14.75,1,10.0
32.29,61.5,31.82,41.49,20.64,1,10.0
21.28,73.65,40.94,13.37,17.87,2,10.0
25.74,53.77,38.66,6.58,14.6,1,10.0
35.21,55.32,30.62,34.65,10.9,0,10.0
20.42,79.45,67.13,38.1,11.86,1,10.0
34.66,62.32,11.63,43.71,17.78,2,11.55
25.07,79.92,40.46,40.59,15.2,1,10.0
22.13,81.12,4.96,29.02,16.75,1,10.53
32.54,82.88,5.69,26.2,10.9,1,12.28
31.32,85.83,45.91,6.11,19.27,0,23.16
35.79,61.55,45.28,14.87,22.49,2,28.61
33.23,55.94,70.24,23.38,12.38,2,10.0
34.46,69.11,44.63,30.14,16.36,0,10.0
25.08,58.56,76.78,27.29,24.58,0,10.0
23.19,70.05,3.9,34.71,13.67,2,10.0
33.51,75.28,7.84,16.19,18.12,2,22.9
34.52,74.42,3.53,27.6,9.53,2,24.07
37.83,58.73,14.82,8.53,18.3,2,29.38
27.43,48.34,43.3,21.55,9.52,1,10.0
26.7,61.53,51.65,35.01,24.31,1,10.0
33.98,47.13,3.65,32.74,20.17,1,19.59
26.13,84.5,75.68,44.63,21.4,0,10.0
36.75,57.29,67.37,16.12,19.97,1,10.84
35.45,47.72,23.73,24.93,18.03,1,12.66
27.72,41.27,6.18,18.18,15.65,1,22.15
33.52,72.29,13.59,22.62,22.59,1,20.51
33.58,71.85,10.16,39.28,24.27,1,18.77
21.86,57.03,9.86,32.37,16.48,0,10.0
36.25,43.59,41.48,40.3,23.84,0,10.0
29.09,60.48,19.67,13.14,17.92,0,12.53
34.88,55.56,28.65,39.93,17.15,0,10.0
25.76,73.86,79.16,7.39,15.73,2,10.0
36.12,70.29,54.75,40.54,11.56,0,10.0
27.01,58.23,75.92,18.16,8.06,0,10.0
20.2,50.89,11.4,17.58,12.11,1,20.71
36.3,89.4,30.57,25.48,16.67,1,16.82
21.64,62.7,44.38,42.63,14.46,0,10.0
25.75,74.41,6.14,6.91,15.62,1,24.85
37.1,47.03,0.33,19.09,24.67,1,27.38
37.11,64.28,53.63,39.26,13.95,0,10.0
30.32,41.38,51.35,20.84,15.69,0,10.0
31.37,65.27,32.86,12.97,10.27,2,14.93
28.07,88.2,39.17,21.99,8.82,2,10.0
25.28,59.21,33.24,20.42,21.18,1,15.11
25.92,41.95,1.92,41.62,17.7,0,10.0
32.11,41.55,26.83,35.48,20.93,1,12.72
33.54,59.4,14.17,25.2,10.55,1,10.0
34.25,48.0,7.87,44.53,17.72,0,10.0
34.21,41.17,76.54,23.61,12.31,1,10.0
21.64,77.81,47.95,7.33,11.88,1,10.0
28.9,62.93,58.29,15.49,8.2,1,10.0
21.04,54.46,25.23,22.44,10.22,1,12.63
29.89,85.0,31.45,11.28,13.26,2,10.0
27.95,45.81,18.95,42.9,9.99,1,10.0
35.98,87.8,7.76,35.67,24.76,2,37.15
26.32,55.7,14.32,15.73,13.25,0,11.42
22.11,84.42,63.8,28.63,10.22,2,10.0
22.57,70.15,54.2,33.86,11.38,0,10.0
33.71,81.34,43.75,42.65,17.99,0,10.0
31.13,89.2,38.01,40.27,9.09,1,10.0
21.82,54.42,73.79,25.61,22.66,1,10.0
21.51,88.06,5.82,35.99,24.35,2,19.48
32.62,59.47,22.45,27.49,12.19,1,10.0
21.31,59.28,28.0,27.11,15.65,0,10.0
34.79,57.02,62.59,9.59,8.38,1,10.0
32.71,67.07,79.4,10.05,18.89,1,11.64
21.46,47.71,19.25,26.18,15.04,1,12.41
21.53,67.69,69.94,15.75,12.59,1,10.0
37.76,67.09,66.45,5.84,11.52,1,10.0
26.74,78.1,17.97,33.91,19.12,2,14.64
26.67,81.68,31.95,6.3,15.08,2,14.31
34.63,62.02,32.77,28.81,11.05,0,10.0
37.05,55.12,78.26,26.57,19.71,1,10.0
37.75,52.97,14.47,43.75,17.61,1,20.94
33.56,49.73,63.93,24.37,22.6,1,12.66
26.77,42.88,26.74,7.54,10.0,1,16.11
21.5,57.12,58.47,27.07,21.36,2,10.0
33.99,53.51,33.6,38.64,19.45,1,10.0
30.05,88.32,46.27,44.87,9.96,2,10.0
27.64,67.89,66.61,22.21,19.81,2,11.47
36.31,57.36,64.33,17.81,15.51,2,10.0
22.0,69.02,69.31,41.27,24.06,2,10.0
28.87,46.96,4.77,12.65,10.41,1,29.04
20.2,62.2,55.36,29.62,18.93,0,10.0
28.44,71.31,11.2,21.23,14.49,1,22.44
21.01,64.44,33.27,6.64,24.27,0,16.11
22.14,60.09,43.89,18.89,13.61,1,10.0
22.12,89.69,32.22,15.61,24.36,1,12.95
31.69,84.02,41.57,32.44,23.33,1,15.05
33.43,71.17,79.72,42.95,12.6,2,10.0
30.5,68.47,10.82,15.72,21.66,2,30.88
37.32,71.03,54.04,37.46,24.93,0,10.87
26.75,50.07,31.68,7.21,12.3,1,10.0
25.14,59.76,10.64,26.52,15.43,1,11.58
35.63,41.97,12.7,7.82,16.84,1,26.51
24.02,63.78,75.94,42.36,13.01,1,10.0
37.34,67.15,70.37,35.65,8.26,1,10.0
20.22,51.39,72.56,31.32,11.74,1,10.0
37.46,88.2,79.32,37.96,12.79,2,10.0
20.78,85.47,16.67,30.9,15.54,2,10.18
36.04,76.11,28.44,43.76,10.91,0,10.0
29.5,66.67,53.54,33.56,22.85,1,10.0
37.87,83.5,38.7,41.99,19.98,1,10.0
21.33,46.53,33.47,25.69,9.45,0,10.0
29.97,79.53,28.62,9.68,19.05,0,18.05
37.45,46.24,47.5,26.13,19.11,1,10.0
29.42,79.71,46.05,10.07,24.26,1,14.07
31.33,53.79,12.92,28.7,8.05,0,10.0
32.52,83.85,37.74,24.3,12.21,1,10.0
28.18,87.2,44.28,29.9,23.77,1,10.14
31.3,47.44,45.62,5.4,23.85,0,16.74
30.52,63.13,16.81,12.79,20.25,0,20.32
36.22,89.05,59.38,24.65,21.02,2,18.3
20.82,64.17,2.02,43.02,9.56,0,10.0
25.06,83.18,28.39,20.34,16.74,2,10.0
37.11,69.44,62.42,21.97,11.94,1,10.0
36.02,58.77,45.11,33.59,11.08,1,10.24
28.2,54.29,20.89,29.15,21.78,0,21.2
31.16,50.16,55.6,16.96,10.3,0,10.0
24.99,78.09,45.39,21.43,15.97,0,10.0
23.39,59.33,63.7,13.71,23.96,0,10.0
28.35,65.56,58.8,43.64,11.16,1,10.0
26.36,64.62,48.81,10.23,24.63,0,10.0
30.51,68.86,39.05,19.87,24.9,1,16.61
21.4,83.28,10.65,6.03,17.45,1,27.01
37.54,89.04,20.91,13.87,10.89,0,17.58
37.75,60.38,33.53,36.22,13.37,0,10.0
32.57,81.38,47.94,13.05,15.22,0,10.0
29.65,78.23,41.1,8.2,13.26,0,10.0
25.57,68.68,23.05,23.98,12.77,1,10.0
34.65,87.8,0.52,5.4,24.53,1,40.26
32.33,50.02,39.7,8.39,10.61,1,12.57
22.93,45.46,22.85,37.31,20.47,1,10.0
36.4,82.7,58.77,35.86,8.01,1,10.0
34.81,61.96,1.92,41.61,18.14,1,18.57
37.1,82.35,46.79,39.18,23.57,1,10.0
33.06,84.65,75.32,32.33,12.89,0,10.0
31.04,43.12,13.95,7.09,11.15,0,18.75
27.53,84.17,37.73,36.31,19.08,1,10.0
36.79,62.42,7.31,38.82,20.11,1,26.61
35.59,65.52,50.05,36.96,19.7,1,10.0
20.81,71.33,44.04,25.34,13.43,1,10.0
20.47,86.32,32.59,14.32,12.29,1,10.0
26.78,40.96,41.71,38.81,24.25,1,10.0
34.59,63.84,71.73,34.09,23.7,1,10.0
37.77,74.39,15.7,44.23,15.77,1,10.0
22.71,76.14,1.81,11.23,22.39,1,29.53
30.69,74.63,68.93,14.03,15.69,1,10.0
26.86,46.72,46.17,13.47,15.21,1,10.8
37.46,54.97,71.25,36.7,10.66,2,10.0
35.16,57.94,47.76,12.48,15.25,1,10.0
35.09,80.22,64.81,7.67,17.14,1,18.8
28.44,53.94,34.37,44.94,8.38,1,10.0
27.47,50.54,59.99,5.99,15.55,1,10.0
24.92,87.87,73.04,38.41,21.28,0,10.0
21.01,40.44,45.77,19.61,19.56,2,10.0
35.57,89.89,14.46,38.66,18.8,0,10.0
34.63,73.84,21.5,27.18,23.46,1,23.46
37.99,81.42,15.89,41.07,8.31,1,10.0
37.94,54.73,19.75,42.05,17.47,2,10.52
30.0,40.72,24.51,5.36,21.38,0,18.07
33.84,76.89,44.41,8.02,17.2,1,13.96
37.01,81.71,47.04,15.01,13.51,1,10.0
35.29,77.02,34.12,31.77,10.32,1,10.0
24.45,47.14,49.23,40.53,23.09,0,10.0
28.11,77.67,6.53,23.4,16.0,1,24.2
22.32,78.45,7.02,29.28,22.93,1,18.47
37.17,72.93,13.75,12.54,17.96,0,24.37
30.91,78.31,41.45,37.2,19.46,1,10.0
24.12,82.3,17.12,43.69,21.67,1,14.53
32.09,70.68,22.66,15.74,19.21,1,26.58
31.13,44.43,32.03,24.79,14.77,2,10.0
26.45,64.38,64.95,8.44,16.73,1,10.0
22.04,43.88,1.11,27.37,21.65,2,25.21
32.09,60.38,51.95,25.11,14.35,2,10.36
29.37,60.36,53.51,10.78,14.6,0,10.0
33.9,43.3,63.89,22.68,9.63,0,10.0
29.36,57.44,74.62,18.36,23.55,1,10.0
35.34,45.55,1.61,25.87,9.55,1,16.24
29.93,80.41,12.3,28.43,19.02,1,22.82
30.1,87.38,70.89,5.34,15.02,1,10.0
35.78,43.62,36.68,35.44,14.9,1,11.19
27.26,87.76,45.17,33.52,19.55,1,10.0
22.41,66.13,53.04,19.65,9.14,0,10.0
20.52,54.98,54.33,7.12,18.09,2,14.59
33.59,43.84,74.54,35.2,21.12,1,10.0
31.17,65.03,79.76,43.21,22.08,2,10.0
32.67,79.73,57.61,14.61,10.9,0,10.0
23.83,75.35,22.98,17.94,23.26,2,20.22
22.45,42.51,70.38,12.35,19.15,0,10.0
20.26,43.65,3.94,28.08,22.99,0,14.16
26.31,60.14,18.49,11.19,16.25,0,10.0
30.62,54.76,71.79,19.25,17.21,1,10.0
27.06,51.62,20.5,32.88,23.62,2,15.99
27.87,54.05,17.65,27.4,23.3,1,27.24
36.27,80.17,11.05,20.46,15.62,2,32.67
26.27,86.46,68.73,21.81,12.67,1,10.0
29.25,60.26,40.0,27.48,14.68,1,11.61
34.11,85.31,53.99,5.23,14.59,2,16.21
27.14,56.07,19.13,8.14,12.88,0,16.7
31.2,63.82,60.64,40.25,12.57,1,10.0
35.52,51.3,60.8,8.12,22.64,2,22.59
37.09,72.02,25.01,33.27,9.19,2,10.0
22.65,88.95,32.85,41.8,19.52,2,10.0
36.68,70.17,16.78,15.83,10.94,2,20.34
28.86,57.89,78.12,19.82,13.86,0,10.0
24.65,72.39,51.65,27.76,9.05,2,10.0
28.26,46.15,74.76,40.27,12.59,1,10.0
37.64,84.43,24.27,42.68,21.06,2,15.5
28.87,65.15,62.55,34.58,23.05,1,10.0
25.92,62.47,61.27,8.46,11.77,1,10.0
31.4,69.29,55.33,31.77,15.88,1,10.0
24.32,71.24,77.25,21.41,16.0,1,10.0
21.37,43.59,31.48,23.83,22.85,0,10.87
22.32,74.13,10.46,6.97,20.97,2,37.51
22.3,52.1,53.74,12.64,16.72,2,10.0
22.73,75.7,58.34,36.62,19.4,0,10.0
22.5,81.13,46.0,23.16,22.41,1,10.0
31.54,80.2,16.55,17.07,8.16,1,12.19
23.27,67.63,40.36,20.36,14.85,1,10.0
26.22,66.01,24.98,39.18,23.42,0,10.0
36.14,47.14,34.2,34.96,20.59,2,19.22
28.53,78.77,51.62,15.89,17.23,1,10.0
32.02,53.57,59.62,9.7,17.0,1,11.76
23.1,64.83,18.58,15.08,13.91,1,14.52
23.46,54.21,32.43,41.83,16.85,0,10.0
20.74,46.69,21.53,28.26,19.14,1,12.66
23.04,71.48,15.89,26.34,15.11,0,10.0
25.01,42.72,62.67,28.86,20.14,0,10.0
23.19,77.43,72.74,19.64,22.64,1,10.0
21.6,55.88,29.62,37.28,10.63,2,10.0
22.17,40.01,60.1,25.93,15.68,1,10.0
28.29,65.56,71.76,9.67,14.94,0,10.0
23.71,42.34,67.69,10.16,19.69,1,10.0
26.56,53.81,14.63,26.47,12.25,2,10.0
29.06,75.35,76.5,42.46,18.88,1,10.0
32.43,43.13,30.13,17.33,22.92,2,26.53
20.71,81.97,27.14,39.78,15.11,1,10.0
34.39,40.19,4.99,35.56,23.49,1,31.24
31.3,52.34,38.89,14.91,24.88,0,10.0
21.47,77.05,8.72,6.45,9.8,1,14.11
35.72,55.81,19.88,9.07,11.96,1,17.83
36.58,45.09,25.36,34.14,24.16,1,20.67
21.1,58.01,64.71,12.99,24.29,2,12.5
24.98,53.52,70.04,19.85,9.66,2,10.0
34.51,82.14,24.2,25.07,8.25,0,10.0
33.47,55.67,68.7,34.02,10.74,0,10.0
23.32,79.45,68.58,9.53,24.93,1,14.13
23.77,84.59,61.17,21.25,11.06,0,10.0
26.67,61.69,11.74,24.4,16.54,1,19.38
28.72,85.5,55.23,26.63,22.42,2,10.0
31.13,58.87,75.6,37.73,8.35,2,10.0
26.64,88.2,54.6,11.87,18.28,1,10.0
28.33,44.46,26.53,37.31,12.71,2,10.0
33.45,74.35,40.05,32.72,22.66,1,10.0
20.66,64.69,51.66,27.23,12.82,0,10.0
24.54,59.38,40.85,32.98,19.67,1,10.0
32.84,71.64,9.6,21.48,19.46,1,23.68
36.11,75.19,24.97,10.54,11.77,1,24.97
29.21,40.22,64.19,31.63,8.59,0,10.0
29.58,48.35,68.91,25.99,14.96,1,10.0
21.93,75.65,10.98,30.57,12.92,1,10.0
28.05,73.32,76.19,18.52,21.75,2,10.0
29.59,88.3,26.31,41.27,21.61,1,13.4
24.36,78.05,52.99,28.49,15.77,1,10.0
24.85,87.54,60.15,8.42,18.31,1,10.0
26.79,75.13,64.96,22.99,18.27,0,10.0
20.36,54.9,75.66,35.25,22.06,1,10.0
25.8,45.27,25.03,36.77,15.23,2,10.0
23.81,79.09,68.68,24.78,12.68,1,10.0
25.89,72.21,10.53,40.79,12.51,2,15.86
22.16,42.41,56.4,15.71,17.12,0,10.0
36.03,58.0,59.36,21.42,15.64,0,10.0
30.68,87.84,54.22,40.94,15.48,2,10.0
32.22,65.02,20.19,40.85,9.55,2,10.0
34.21,61.64,69.84,32.43,20.22,2,12.82
28.97,62.88,13.51,39.36,11.63,1,10.0
21.56,50.44,4.29,8.55,11.35,2,10.0
29.67,58.44,57.4,39.6,15.02,2,10.0
30.56,58.49,38.04,17.82,11.87,2,10.0
33.42,42.62,67.93,12.13,17.93,1,10.0
27.77,78.38,30.67,14.57,14.31,1,14.5
22.3,60.83,13.46,21.72,15.63,2,15.02
25.11,81.11,66.92,15.05,17.13,1,10.0
26.54,82.52,43.91,17.82,11.46,1,10.0
31.63,50.6,15.14,10.4,10.65,1,13.37
30.27,72.87,57.63,16.85,22.97,1,20.77
26.41,63.61,40.89,27.89,15.37,1,10.0
37.76,84.01,48.35,22.67,15.01,0,10.0
30.9,50.79,36.87,18.87,8.61,2,10.0
24.27,73.89,66.3,34.86,16.47,1,10.0
21.83,70.39,66.37,40.74,17.42,1,10.0
22.75,54.77,56.75,35.27,17.5,0,10.0
24.43,46.83,8.43,18.28,20.02,0,12.4
22.89,72.58,67.11,34.78,11.02,0,10.0
23.36,76.93,53.68,11.08,12.29,1,14.67
25.13,55.78,55.76,10.21,21.78,0,10.0
23.12,72.24,29.04,18.83,24.1,2,24.28
36.14,59.76,70.34,37.31,10.31,0,10.0
21.44,75.66,58.03,14.85,16.46,0,10.0
29.44,49.96,9.01,7.53,11.64,0,15.63
27.39,84.51,32.62,10.27,9.02,0,10.0
37.68,54.37,70.91,39.35,13.53,1,10.0
22.02,58.39,3.78,30.35,10.44,2,10.62
27.16,42.9,76.91,15.13,20.07,1,10.0
37.45,45.58,54.33,27.21,17.07,0,10.0
35.58,65.79,50.51,26.1,10.45,0,10.0
34.71,53.38,21.64,31.22,8.16,1,10.0
24.64,81.77,19.9,14.33,21.74,2,22.54
23.08,40.73,75.36,39.58,11.0,0,10.0
32.04,58.95,23.86,17.37,18.31,1,15.88
36.73,56.87,62.04,32.77,13.73,1,10.0
30.02,40.97,31.45,5.64,17.95,0,10.0
30.29,46.22,11.14,19.91,13.37,1,20.99
25.04,60.68,0.86,19.07,9.48,0,10.0
33.85,64.64,43.54,26.74,11.79,1,10.0
23.37,60.21,78.06,7.91,11.2,0,10.0
25.83,66.55,29.53,36.61,15.28,1,10.0
27.66,69.76,28.58,13.71,19.19,0,10.0
29.14,40.5,27.53,32.08,12.48,2,10.0
24.36,63.2,41.64,37.13,8.21,0,10.0
22.07,88.17,35.25,27.48,16.82,2,10.0
30.99,65.95,70.39,34.64,18.3,2,10.0
25.2,73.88,40.44,31.47,24.37,2,10.0
30.46,55.59,40.62,19.22,18.02,1,10.0
22.78,78.7,11.07,37.35,16.01,1,10.0
28.66,78.65,78.62,16.79,17.75,1,10.0
29.59,66.06,20.0,27.85,23.77,0,11.72
20.93,88.8,5.87,34.82,22.08,1,10.0
26.06,46.28,53.05,20.16,13.49,0,10.0
22.42,40.85,47.63,17.11,12.03,2,10.0
21.14,78.51,33.21,23.37,12.46,0,10.0
37.82,80.36,33.78,37.72,16.58,1,10.0
25.8,46.01,62.81,42.2,20.65,1,10.0
34.58,53.28,15.66,26.8,16.55,1,22.81
24.58,40.88,65.62,31.46,9.15,1,10.0
32.27,54.67,51.9,41.13,20.3,0,10.0
33.68,78.66,33.52,8.94,21.7,1,23.93
30.72,65.9,36.64,14.28,12.92,0,10.0
28.49,57.4,20.53,33.36,19.29,2,10.0
27.41,58.59,60.17,37.95,15.25,1,10.0
26.28,40.07,41.03,39.28,23.12,2,17.49
36.73,54.99,25.67,21.6,22.37,0,17.55
34.95,72.32,47.68,8.57,16.93,0,10.0
37.37,88.71,79.66,22.51,19.76,0,10.0
22.24,82.35,34.82,14.23,23.02,0,19.98
33.16,41.18,73.66,16.65,16.43,0,10.0
36.89,84.93,27.6,35.89,13.33,1,11.15
23.26,79.16,4.38,8.02,20.81,0,23.34
21.2,79.02,16.34,38.1,11.74,1,10.0
33.34,62.9,33.5,22.11,14.61,2,13.85
30.34,59.9,17.57,28.84,22.72,1,18.1
35.15,55.15,0.02,8.59,20.32,1,35.02
22.52,43.28,73.2,18.49,14.86,1,10.0
34.31,51.41,67.51,8.59,11.65,1,10.0
23.63,52.33,59.38,43.46,14.05,0,10.0
22.95,64.2,13.43,37.29,12.83,1,10.0
22.96,77.37,9.63,23.39,10.99,1,12.8
34.66,63.69,5.41,13.94,20.64,2,36.29
31.97,42.89,57.92,42.34,12.29,1,10.0
29.42,87.89,74.3,18.78,15.72,1,13.55
26.46,87.14,34.44,11.44,14.56,1,10.0
35.79,79.26,9.53,27.53,24.7,0,15.34
27.06,89.57,40.99,42.75,14.65,1,10.0
34.7,67.22,27.91,5.15,9.36,1,26.18
27.9,88.14,29.99,14.52,9.53,0,10.0
26.78,43.78,49.71,42.54,18.04,0,10.0
28.33,58.28,57.5,11.84,18.19,0,10.0
25.42,51.27,8.85,9.53,15.12,1,19.64
33.46,49.79,2.85,27.81,15.34,0,12.91
29.05,47.04,79.55,39.47,8.92,1,10.0
24.18,71.12,18.62,24.08,16.78,1,13.13
36.19,79.07,4.31,44.78,16.58,1,18.98
26.91,68.91,15.19,32.17,10.54,2,15.05
29.78,47.35,3.12,7.96,9.77,2,24.36
36.32,80.56,31.34,44.71,10.1,1,10.0
31.24,71.8,64.19,21.32,9.72,0,10.0
22.1,59.41,27.3,16.5,18.37,1,14.94
36.92,73.71,35.53,27.32,11.34,1,10.0
31.3,53.0,54.05,17.17,12.27,1,10.0
26.03,57.26,40.71,8.46,10.95,1,13.3
22.51,85.87,68.92,5.06,24.28,0,13.22
34.29,54.53,69.28,22.98,22.53,1,10.0
31.16,63.5,0.79,38.47,11.92,0,10.0
29.6,84.51,62.24,27.89,13.57,1,10.0
36.09,75.39,36.86,44.97,11.57,1,10.0
34.19,43.11,79.11,16.47,16.36,1,10.0
22.73,47.37,38.66,16.22,8.33,0,10.0
25.61,40.39,78.95,11.39,19.41,1,10.0
24.47,71.55,60.37,11.56,16.89,1,10.0
33.39,62.38,19.89,16.41,23.28,0,15.13
20.6,46.71,43.07,36.71,10.79,1,10.0
30.26,87.9,79.37,41.23,21.67,1,10.0
33.72,66.48,68.6,44.0,21.46,1,10.0
35.78,52.09,7.79,14.29,10.16,1,21.83
26.16,65.03,56.51,40.25,14.78,1,10.0
34.78,73.98,27.65,18.13,10.89,1,10.86
21.99,43.81,0.56,9.51,12.33,1,10.0
35.24,53.74,32.28,39.8,12.48,1,10.0
22.29,80.35,18.78,30.44,17.46,1,15.15
27.15,62.98,65.51,11.59,14.99,0,10.0
34.35,67.33,26.99,22.19,24.11,0,13.25
22.7,61.64,66.2,16.49,10.15,0,10.0
24.13,42.19,0.05,34.47,24.55,1,17.19
33.0,48.29,24.63,23.14,11.92,1,10.0
32.96,62.28,19.29,44.57,21.14,1,16.45
31.54,50.46,18.69,7.19,13.76,0,10.05
32.49,42.5,5.45,19.2,10.43,2,15.39
29.77,82.18,14.97,24.28,22.58,1,15.16
24.53,89.06,44.44,25.13,13.25,2,10.0
26.22,79.66,23.31,17.64,19.2,1,16.82
23.27,82.69,33.39,34.17,17.63,1,10.0
36.35,52.1,30.15,39.99,16.02,0,10.0
30.5,88.03,70.07,42.55,16.43,0,10.0
27.22,49.85,72.42,37.2,20.45,0,10.0
28.32,87.57,39.44,39.02,9.49,1,10.0
37.05,89.74,26.41,27.02,19.36,1,13.91
22.76,75.59,8.54,38.04,23.23,1,11.64
30.55,89.06,76.27,17.14,8.98,1,10.0
29.11,68.48,4.82,20.94,10.39,2,25.45
31.01,52.98,23.81,17.68,20.18,0,12.28
20.33,61.85,23.85,23.7,15.43,0,10.0
35.7,69.68,25.63,16.42,14.86,1,20.19
36.78,43.65,13.14,43.46,10.33,1,10.61
30.17,71.12,62.65,17.51,16.62,1,10.0
32.54,89.06,9.8,8.92,10.15,1,16.3
36.6,49.51,50.79,26.07,16.1,0,10.0
32.73,79.63,9.91,7.28,20.98,1,31.79
22.75,85.39,5.64,9.42,12.39,2,16.08
30.37,87.19,72.75,13.78,16.17,0,10.0
30.92,88.01,15.21,23.57,24.86,2,21.58
27.63,66.07,65.7,22.33,19.67,2,10.13
33.26,88.87,43.57,36.99,22.3,0,10.0
36.82,77.87,6.23,34.58,15.05,0,10.0
36.66,48.08,76.44,22.05,21.05,1,10.0
28.12,63.85,19.76,18.35,8.69,1,10.0
22.04,75.92,68.77,17.66,10.09,1,10.0
37.73,52.37,13.5,35.96,11.45,1,13.92
35.1,72.03,68.32,7.08,14.83,1,10.0
22.24,73.33,1.06,5.51,22.38,0,28.09
36.58,48.13,40.94,36.82,13.89,2,10.0
35.66,68.25,61.56,24.09,19.13,1,10.0
29.34,78.58,74.78,10.24,20.06,1,10.0
30.64,64.94,72.74,14.42,17.97,2,10.0
27.18,40.61,65.57,42.3,14.07,1,10.0
20.99,40.45,71.06,39.38,17.81,0,10.0
26.03,57.85,15.94,33.39,13.82,1,10.0
34.45,86.31,22.73,24.29,9.43,1,19.27
20.08,51.43,23.12,25.81,24.88,0,15.13
26.0,71.72,30.16,44.01,10.16,2,10.0
27.17,51.1,31.47,43.63,9.23,0,10.0
29.67,56.08,43.56,13.61,22.94,1,17.22
36.56,82.4,12.79,37.44,13.13,1,13.39
26.23,76.44,55.3,12.89,19.06,0,10.0
26.25,44.77,13.41,13.54,13.59,2,25.12
33.28,61.44,24.82,32.04,14.65,2,15.22
28.14,41.46,40.27,21.2,12.46,1,10.0
24.04,64.04,63.72,42.26,13.83,0,10.0
28.14,73.12,59.16,8.56,14.98,0,10.0
22.54,45.93,51.64,25.46,20.25,1,10.0
23.17,54.44,12.46,41.74,16.7,0,10.0
28.97,59.89,43.76,41.16,24.04,1,10.0
27.54,85.98,7.0,11.26,8.71,2,18.05
36.47,89.66,30.19,19.67,16.55,1,13.29
26.52,42.25,33.08,29.76,17.93,2,10.0
30.45,78.05,3.18,11.38,23.64,1,25.65
31.38,58.59,21.92,43.72,8.84,1,10.0
20.24,59.62,76.45,41.59,17.75,2,10.0
31.94,77.71,76.29,11.68,22.51,1,10.0
23.2,85.92,28.19,9.85,12.11,2,13.51
37.3,87.55,3.45,8.42,22.9,0,28.2
22.68,68.86,14.33,41.38,8.32,0,10.0
27.46,57.86,31.38,12.74,20.45,2,29.37
21.54,79.38,75.82,21.65,23.86,1,10.0
37.94,52.55,11.3,22.95,19.17,2,30.55
29.04,68.2,61.08,28.96,15.46,2,11.69
30.72,57.93,8.69,7.87,8.76,0,10.0
21.21,72.83,78.5,14.07,23.64,1,11.63
33.5,52.02,30.53,42.26,16.0,1,10.0
23.78,49.58,62.02,41.34,8.49,1,10.0
36.16,85.91,27.41,36.25,19.73,1,10.0
23.69,45.09,50.21,5.78,16.19,0,10.0
23.43,65.3,15.36,18.08,10.11,1,10.94
20.66,51.04,11.68,30.12,11.64,1,10.0
28.5,41.95,75.05,16.01,9.1,0,10.0
30.17,41.8,73.41,41.38,17.76,2,10.0
21.18,48.76,71.0,30.36,18.57,1,10.0
33.96,83.34,50.03,7.88,16.6,2,15.05
28.16,54.12,64.66,41.36,21.89,1,10.0
29.44,87.52,5.52,43.31,22.64,0,10.0
27.93,69.08,26.78,8.11,18.47,1,23.68
27.21,61.83,25.1,26.29,8.22,0,10.0
30.07,69.0,50.85,17.13,19.82,2,10.0
22.79,65.83,28.48,20.71,15.11,0,10.42
23.27,77.94,11.88,12.19,17.61,1,29.1
35.51,54.12,47.72,28.12,19.03,1,10.49
37.03,57.65,65.15,43.32,13.95,1,10.0
26.72,84.7,30.57,25.12,23.59,0,15.68
24.87,87.32,10.58,8.32,10.28,1,13.86
31.59,84.63,15.74,29.8,19.42,1,17.37
27.36,60.97,19.0,18.61,8.07,0,10.0
20.46,79.02,23.99,39.24,23.72,2,12.89
22.81,63.82,51.42,22.39,9.91,1,10.0
32.89,64.88,48.08,12.71,9.61,1,10.0
31.86,50.23,55.69,12.64,13.66,1,11.83
20.49,69.56,29.0,35.75,14.35,0,10.0
24.0,49.31,65.92,15.62,11.64,2,10.0
24.16,56.58,16.33,35.69,17.95,1,18.29
32.09,82.75,37.52,13.24,15.53,0,10.0
20.35,50.35,64.08,17.87,8.58,1,10.0
21.87,43.56,14.41,23.62,13.43,1,10.0
34.4,43.45,8.79,42.73,21.78,1,12.75
23.21,87.04,70.69,42.27,19.72,1,10.0
31.75,65.35,27.43,13.27,20.32,0,13.35
24.29,60.47,54.71,19.33,19.87,0,10.0
21.79,80.54,2.03,10.98,13.29,2,18.45
24.38,81.79,55.2,25.4,9.69,0,10.0
33.0,56.61,25.29,23.42,12.63,2,11.41
35.4,74.68,4.46,41.03,22.14,0,10.0
34.94,78.56,48.79,42.2,24.67,2,16.07
27.15,72.73,19.26,20.34,16.4,1,10.91
32.03,47.58,30.94,24.67,8.16,1,10.0
23.69,83.79,6.45,40.85,10.38,0,10.0
25.28,66.95,11.77,37.27,13.48,0,10.0
36.13,54.12,23.84,5.15,17.84,0,19.35
20.23,61.26,7.18,17.8,9.28,0,10.0
21.54,41.88,72.87,21.87,24.04,1,10.0
23.74,46.39,0.48,14.19,14.21,1,18.05
20.48,78.28,38.71,12.98,23.51,1,10.0
23.27,40.0,9.86,6.51,21.27,1,28.29
30.49,60.83,24.61,30.73,20.84,1,26.94
27.59,66.13,74.08,15.5,18.31,1,10.0
36.07,42.73,12.94,7.09,18.66,1,18.08
34.71,88.65,77.27,14.24,18.85,1,10.0
26.15,51.31,16.46,37.08,18.69,1,10.5
24.67,55.21,59.33,39.06,17.41,2,10.0
26.83,55.2,43.73,24.32,24.77,0,10.0
30.63,51.52,70.76,21.64,20.45,0,10.0
24.83,40.07,44.32,44.11,21.21,1,10.0
31.23,76.47,42.76,13.02,22.83,0,10.0
27.37,88.34,15.64,13.61,11.67,2,20.48
29.94,51.21,13.3,16.67,9.42,2,10.96
27.85,73.15,73.32,11.91,16.21,0,10.0
25.3,77.09,26.23,20.17,16.74,0,10.0
37.07,82.42,29.77,41.43,22.1,1,21.56
33.74,61.13,60.79,29.61,15.54,1,10.0
22.52,55.15,27.11,21.48,17.7,0,10.0
35.63,56.26,76.16,42.38,16.96,1,10.0
28.77,75.63,59.03,6.94,8.65,1,10.0
36.1,80.84,47.79,13.41,18.46,1,15.62
34.4,49.08,70.47,27.64,22.08,0,10.0
27.65,58.55,3.97,29.62,10.68,1,15.28
20.4,85.1,20.57,6.58,18.1,0,17.91
24.84,80.33,37.2,21.12,18.09,2,11.7
29.75,89.24,18.16,30.97,10.79,1,10.0
31.4,77.71,59.51,32.92,10.1,1,10.0
24.64,59.66,73.54,30.53,24.66,2,10.0
22.51,69.53,33.9,17.82,14.69,2,10.0
35.03,73.05,27.37,8.74,11.87,1,17.15
37.72,43.92,76.92,22.08,10.91,0,10.0
29.46,67.22,35.59,10.15,19.35,1,16.52
23.09,75.47,39.12,42.9,18.36,1,10.0
24.9,48.37,28.13,24.01,18.94,0,10.0
20.33,79.03,72.76,17.69,9.5,2,10.0
36.46,69.19,45.52,35.65,23.19,0,10.0
22.12,87.61,60.97,24.92,14.62,0,10.0
30.38,42.12,64.94,17.4,13.33,0,10.0
24.93,53.27,27.35,37.48,15.86,1,10.0
29.98,70.08,34.7,39.69,14.63,1,10.0
31.73,54.83,67.88,31.92,22.68,1,10.0
34.94,75.72,29.06,6.88,23.8,1,22.84
23.72,77.95,63.51,27.65,13.16,1,10.0
20.2,45.13,75.28,35.53,22.69,1,10.0
22.46,65.69,49.86,10.46,21.29,0,10.0
36.2,65.44,59.33,14.15,23.82,2,11.6
35.73,58.46,64.41,40.3,12.18,0,10.0
30.75,86.65,67.6,5.8,17.81,2,12.36
30.81,81.38,31.6,35.11,12.67,0,10.0
31.97,74.86,4.1,23.95,22.01,1,24.79
23.16,75.72,32.15,22.87,8.09,0,10.0
36.46,63.09,53.9,5.28,17.6,0,16.55
27.54,86.05,36.03,37.78,13.77,2,10.0
26.9,74.73,59.92,19.39,13.49,2,10.0
29.34,76.45,28.56,26.63,18.96,1,18.09
20.85,83.08,50.78,32.09,22.48,1,10.0
22.99,53.7,14.91,33.11,18.36,1,10.03
33.28,80.35,59.95,43.24,22.5,2,10.0
21.49,49.76,43.66,26.25,12.5,1,10.0
30.86,57.27,16.33,20.99,16.83,1,14.55
24.42,56.78,23.35,43.15,15.66,1,10.0
27.01,88.93,59.89,30.68,8.2,1,10.0
25.2,82.83,38.61,16.93,17.47,2,19.78
26.4,75.06,17.28,10.06,19.25,0,18.19
32.94,76.35,77.38,38.7,18.06,0,10.0
25.35,68.1,57.21,19.49,20.52,1,10.0
30.2,87.35,76.57,31.42,17.71,1,10.0
28.57,64.81,34.17,23.83,9.13,0,10.0
31.95,59.03,38.01,12.96,9.98,1,10.0
36.86,48.15,71.84,29.07,18.14,2,10.0
33.19,79.31,42.0,7.43,12.67,0,10.0
23.87,76.72,56.58,21.53,9.35,1,10.0
20.56,59.22,20.17,26.86,15.3,1,10.0
24.72,41.26,35.74,22.44,17.42,1,10.0
30.71,81.95,9.88,34.95,13.59,2,19.81
20.93,40.57,16.48,38.12,20.25,1,10.0
28.93,75.18,0.08,35.85,18.94,1,14.84
30.74,88.51,3.14,6.55,13.66,1,29.26
26.02,61.88,78.18,12.77,20.83,1,10.0
33.88,51.75,19.39,26.46,19.03,1,17.3
21.92,75.24,53.06,42.39,18.84,2,10.0
21.35,80.86,67.13,38.4,17.41,1,10.0
33.11,67.32,44.05,38.7,8.19,0,10.0
28.92,88.35,12.25,17.13,19.84,0,15.62
32.39,42.58,58.25,22.18,14.39,0,10.0
27.83,65.24,48.02,23.83,24.02,0,10.0
24.44,75.92,58.5,11.29,21.91,2,11.99
34.74,83.13,61.58,6.24,17.99,1,10.0
34.39,48.96,78.03,42.88,12.29,1,10.0
32.5,80.0,45.89,14.63,11.46,1,10.0
24.9,67.64,27.33,14.6,13.79,2,16.4
30.62,59.83,51.88,8.34,16.1,1,11.83
26.5,46.59,5.48,42.14,13.03,2,13.58
21.65,83.26,71.79,28.19,16.75,1,10.0
36.51,47.86,9.55,31.68,10.81,2,14.66
22.46,55.49,26.23,41.46,24.62,1,10.0
37.1,54.5,65.26,18.82,9.83,0,10.0
28.03,83.57,47.78,29.86,23.84,1,10.0
23.33,73.64,31.49,6.55,23.53,1,24.88
29.75,79.83,37.87,12.47,16.93,0,15.67
35.71,52.52,68.36,38.25,20.32,1,10.0
33.18,71.24,27.2,35.67,15.41,1,10.0
34.52,68.59,69.57,19.03,18.71,0,10.0
31.86,81.64,7.05,20.07,13.79,2,35.1
32.46,85.3,62.14,26.34,13.12,1,10.0
35.29,40.61,67.8,5.01,17.83,2,24.07
24.49,73.7,14.55,14.65,16.47,1,10.32
28.81,42.59,34.43,13.33,17.85,1,10.0
23.98,67.44,13.24,15.02,12.87,1,10.1
37.78,54.38,56.53,37.24,14.24,1,10.0
36.99,55.34,42.83,16.19,9.43,2,10.17
20.71,57.65,50.83,12.66,8.89,0,10.0
32.7,71.06,15.72,25.17,12.31,2,12.25
36.65,56.7,16.94,39.63,9.26,2,15.33
23.25,76.63,3.32,14.65,9.76,1,19.72
30.22,60.23,25.77,8.14,21.82,2,32.72
36.48,43.42,44.78,19.26,8.66,1,10.0
20.61,79.19,68.63,34.91,19.2,2,10.0
32.55,54.29,53.35,27.03,12.63,1,10.0
25.35,61.64,34.83,37.67,22.82,0,10.0
36.64,74.27,76.25,43.38,16.24,2,10.0
37.48,56.62,57.54,36.71,13.19,1,10.0
37.0,42.83,74.41,29.15,16.8,1,10.0
28.54,58.7,42.21,24.73,14.49,1,10.48
35.52,87.22,20.71,6.6,17.59,0,29.83
35.2,72.09,4.23,44.37,9.95,1,10.0
25.74,73.57,58.09,20.34,24.95,2,19.36
34.92,71.61,9.7,11.09,15.23,0,18.56
20.67,49.95,24.22,31.67,13.92,0,10.0
30.73,60.92,42.6,16.37,20.07,0,12.62
24.14,77.55,45.15,28.43,14.19,1,10.0
22.17,45.07,48.05,28.47,22.17,1,10.0
21.39,53.89,13.3,22.83,15.72,1,10.29
32.53,53.82,30.38,38.44,20.23,2,19.08
26.12,61.6,49.38,15.6,9.83,1,10.0
33.05,89.02,77.59,22.95,22.38,0,10.0
21.18,43.38,58.21,26.51,20.51,2,10.0
25.68,65.94,73.81,31.54,11.6,1,10.0
29.71,48.97,60.98,36.36,10.47,1,10.0
34.23,88.53,47.34,20.79,13.38,1,10.0
25.74,45.67,15.36,30.84,24.59,2,18.56
31.27,60.18,53.33,11.02,12.37,1,10.0
35.95,76.89,49.87,42.31,15.75,1,10.0
31.09,75.23,48.2,20.32,8.51,1,10.0
24.19,61.14,39.18,34.18,14.75,0,10.0
20.44,57.33,42.29,5.81,17.71,1,11.52
35.66,59.88,26.76,13.21,24.2,1,33.73
20.38,53.21,41.55,24.48,16.78,0,10.0
35.74,50.27,15.8,40.13,21.92,0,15.62
29.52,64.15,64.41,26.09,17.3,0,10.0
36.9,53.43,14.86,42.19,8.69,1,10.0
34.38,54.37,6.8,24.35,13.36,2,25.17
37.96,72.84,34.9,24.62,17.78,2,17.27
26.31,88.43,52.66,9.79,24.16,1,10.0
33.81,70.18,35.02,37.11,22.61,1,14.11
27.23,43.85,22.14,14.88,11.88,2,10.0
28.64,43.78,44.65,40.98,11.74,0,10.0
31.3,87.57,27.76,41.43,11.42,1,10.0
35.73,54.86,74.63,42.73,23.68,1,10.0
37.71,44.6,73.81,25.81,22.5,0,10.0
33.83,69.95,40.19,32.08,21.17,2,16.37
27.52,71.18,26.23,36.14,14.68,2,12.91
27.58,72.43,58.97,10.24,16.57,0,10.0
33.28,53.37,2.94,29.04,15.89,0,20.76
24.3,40.76,37.98,6.37,12.31,0,10.0
21.99,88.25,26.91,24.9,16.59,1,18.24
26.38,52.54,73.64,11.19,8.52,1,10.0
25.17,73.8,0.96,12.32,10.24,1,17.37
25.33,75.33,44.23,19.6,23.07,0,10.0
24.2,70.5,59.25,22.3,20.78,2,10.0
20.76,55.65,38.8,29.93,15.19,1,10.0
20.32,53.55,6.83,7.98,16.79,0,16.07
37.78,69.88,77.8,25.15,14.29,1,10.0
27.7,83.3,41.44,12.31,20.59,1,10.01
26.92,87.34,49.13,27.96,21.33,1,12.06
32.23,45.3,18.93,30.5,20.98,0,12.51
23.93,47.74,38.68,27.27,20.28,0,11.17
37.1,87.24,34.33,34.53,11.48,2,10.0
34.15,76.83,5.99,18.42,13.75,2,22.04
21.61,84.15,8.49,35.6,15.99,1,12.26
27.52,50.13,67.0,22.31,13.62,1,10.0
35.82,69.38,19.19,24.37,20.83,1,14.94
37.01,75.06,15.6,30.92,13.6,1,19.32
28.41,74.01,40.39,5.73,10.35,1,10.0
31.04,60.41,61.5,31.16,14.78,2,10.0
23.01,40.77,4.96,29.74,24.66,1,29.13
37.84,69.15,46.14,17.39,11.84,1,10.0
24.17,52.66,9.54,8.43,18.41,1,23.07
36.97,62.51,2.92,8.64,15.36,2,32.62
31.69,87.88,4.22,41.93,9.21,1,10.0
30.94,59.95,66.73,32.57,16.29,0,10.0
29.23,81.99,9.44,10.08,19.94,1,27.7
24.15,49.43,3.61,19.27,16.72,1,19.9
23.18,73.62,35.03,28.7,22.83,1,14.21
23.97,88.85,67.52,38.42,12.91,1,10.0
23.36,45.09,20.99,6.75,9.47,2,17.46
34.03,40.42,33.74,14.47,23.92,1,18.89
26.3,61.68,3.19,40.59,14.43,2,10.0
21.04,44.63,35.93,5.37,17.8,0,10.0
37.44,77.42,46.21,13.06,21.46,2,16.44
35.91,85.73,45.67,43.36,13.51,1,10.0
36.7,61.7,26.59,29.54,20.17,1,10.0
37.91,52.94,25.24,15.47,10.3,1,16.11
23.13,61.72,8.53,7.68,12.95,0,13.16
27.13,76.17,29.34,6.13,10.46,1,11.3
33.65,40.45,7.96,14.79,21.79,1,34.72
32.53,69.47,61.33,40.26,11.79,0,10.0
22.77,70.66,77.3,21.64,20.2,1,10.0
34.68,71.88,77.61,33.81,24.04,1,10.0
24.04,52.1,69.21,41.73,16.97,0,10.0
24.03,75.7,48.06,21.32,17.18,0,12.25
29.67,44.57,56.07,12.65,15.84,1,10.0
30.67,49.96,22.82,25.68,13.54,1,16.88
30.44,83.87,50.46,41.32,16.09,2,10.0
21.65,76.94,36.45,37.17,18.25,2,10.0
35.79,40.69,38.56,7.63,24.76,1,33.41
24.78,52.42,60.62,32.7,23.94,1,10.0
22.33,50.72,22.55,27.88,22.66,1,10.57
36.0,53.54,25.44,41.3,23.12,1,10.0
37.2,52.38,73.97,9.9,15.95,0,10.0
35.52,43.13,4.5,26.36,19.18,1,17.46
34.57,62.95,38.85,40.18,23.22,1,12.35
31.79,76.64,73.02,21.4,14.68,0,10.0
29.92,70.34,48.83,24.28,24.35,1,10.0
21.57,73.64,43.71,7.82,15.07,2,13.01
27.35,44.06,19.98,16.13,18.22,1,16.08
26.71,87.57,27.46,17.98,20.07,1,10.26
24.68,81.92,68.16,42.8,24.16,2,14.43
33.02,80.25,44.74,16.31,12.16,1,10.0
28.93,81.15,41.18,23.43,20.68,0,10.0
21.46,86.64,7.97,31.85,16.85,1,10.0
23.96,67.21,1.28,11.49,12.57,1,11.92
32.3,50.01,77.09,24.46,21.2,1,10.0
21.37,70.84,30.16,34.54,17.39,0,10.0
35.32,77.14,48.26,39.67,19.24,1,10.0
28.91,76.9,6.38,30.05,13.49,2,14.28
28.65,66.07,54.65,31.76,16.18,1,10.0
30.66,43.42,74.61,10.05,18.5,2,10.0
34.84,58.56,46.05,42.83,14.88,1,10.0
26.26,86.04,10.09,10.3,11.37,2,23.48
32.2,69.22,46.54,35.99,24.35,0,10.0
30.18,66.92,61.31,15.59,16.69,1,10.0
24.81,53.44,32.51,42.34,20.48,0,10.0
35.82,58.42,70.39,33.8,14.99,1,10.0
34.35,84.77,51.89,35.15,14.04,1,10.0
31.85,73.32,71.94,13.76,14.92,1,10.0
35.31,79.37,49.88,22.72,14.96,2,17.13
35.61,62.72,10.5,29.71,17.25,2,19.29
32.75,71.51,24.78,35.8,17.24,0,10.0
35.07,52.42,16.14,9.16,16.45,1,17.9
32.55,75.27,72.71,43.49,10.29,1,10.0
32.24,61.38,60.83,40.61,16.43,1,10.0
31.14,62.13,54.11,15.81,10.87,2,10.0
33.55,72.47,24.08,37.91,10.14,1,10.0
22.85,86.81,14.72,25.73,23.85,2,27.59
35.86,43.2,60.52,23.47,18.28,0,10.0
35.69,81.24,37.93,17.58,19.21,1,15.61
20.53,54.62,18.06,28.24,14.83,1,12.31
34.86,62.2,49.33,34.2,23.45,0,11.72
22.32,41.1,3.23,21.44,18.84,1,14.86
26.03,55.05,26.09,30.17,21.08,2,16.79
33.38,65.13,37.48,32.97,14.27,1,10.0
22.89,42.81,11.84,33.44,24.32,1,17.76
34.72,64.55,78.77,7.08,21.95,1,10.0
34.98,86.36,16.73,39.39,22.52,0,18.26
29.13,45.27,10.43,23.33,10.93,0,10.0
20.11,78.22,16.28,15.5,12.61,1,10.0
25.17,60.48,61.52,14.67,12.86,0,10.0
31.1,72.76,34.04,24.32,12.61,2,12.83
37.66,53.01,45.23,40.47,22.54,1,15.94
31.37,47.97,1.68,20.13,8.54,2,24.11
24.68,48.02,2.75,34.99,9.29,1,10.0
31.41,43.52,35.67,8.87,12.66,2,22.97
29.72,49.28,65.33,24.04,11.4,1,10.0
34.04,73.21,70.82,44.67,11.94,1,10.0
21.93,84.08,6.94,35.82,21.57,2,26.5
33.7,80.71,43.07,13.42,17.57,1,20.38
29.74,74.26,73.06,25.06,8.1,0,10.0
37.33,45.52,31.04,14.34,15.3,1,15.81
26.15,54.46,66.37,21.38,14.93,2,10.0
31.39,55.49,10.7,36.2,9.94,1,10.0
36.78,52.5,74.83,35.85,19.49,1,10.0
21.85,65.75,60.11,14.12,19.94,1,10.0
36.87,66.78,75.31,41.89,20.26,2,10.0
32.38,57.84,54.13,28.7,20.38,0,10.0
21.22,57.69,29.07,20.2,8.0,1,10.0
25.42,81.43,75.05,25.08,24.22,0,10.0
32.75,79.46,22.05,29.2,21.84,1,14.49
21.21,55.39,26.57,27.4,23.37,1,17.55
30.48,85.69,56.06,24.46,8.27,0,10.0
26.23,87.64,61.23,25.2,23.88,0,10.0
31.18,56.34,74.35,12.06,21.77,1,10.0
20.82,57.72,16.38,37.51,22.23,0,15.94
35.69,65.28,63.84,26.67,9.59,0,10.0
37.52,87.06,59.08,10.24,20.56,2,18.36
37.44,83.82,5.1,35.65,24.32,1,16.92
33.49,45.13,30.98,42.3,19.54,1,10.0
22.34,59.64,22.62,42.89,17.7,2,10.0
33.65,67.67,24.36,19.76,24.08,0,16.05
20.44,65.16,78.64,10.42,15.53,1,10.0
20.4,49.69,51.42,25.74,18.19,1,10.0
25.82,82.94,57.41,9.5,16.1,1,13.5
28.8,73.85,78.13,42.36,23.86,2,10.0
33.87,81.9,30.18,12.34,9.29,2,10.45
32.3,82.94,64.15,15.11,16.52,1,10.0
28.03,77.42,34.76,21.27,19.68,0,10.0
24.93,61.96,69.56,20.33,21.46,0,10.0
37.95,70.53,14.45,36.79,17.91,1,17.26
27.67,48.02,75.81,23.25,23.45,0,10.0
28.12,73.68,17.5,11.83,24.01,1,16.71
22.95,48.96,26.1,15.69,9.09,1,10.0
34.31,74.7,60.5,25.36,14.84,0,10.0
32.49,51.48,31.5,10.9,8.4,2,17.64
23.97,45.88,48.66,29.47,13.6,0,10.0
21.48,48.26,35.57,27.63,17.13,1,10.0
32.25,40.1,59.39,33.59,23.48,1,10.0
31.78,75.94,18.27,42.51,22.39,1,17.17
24.92,76.62,4.68,41.49,10.17,1,10.0
37.12,65.75,23.99,42.84,9.58,0,10.0
22.72,48.07,37.94,14.79,18.02,1,10.0
27.78,44.18,13.44,10.26,17.05,1,13.56
36.99,40.96,28.38,17.09,12.53,2,15.95
27.56,48.29,32.0,40.8,23.29,1,13.94
31.49,84.54,4.59,43.88,23.77,1,18.75
27.16,52.08,46.66,39.37,14.84,1,10.0
24.94,57.71,70.75,9.4,23.14,2,16.18
37.71,45.27,12.14,42.9,14.53,0,10.0
27.37,51.12,47.82,21.93,20.53,1,10.0
36.09,65.96,53.18,5.37,16.09,1,13.56
24.14,70.39,33.55,22.7,10.08,1,10.0
23.84,52.27,56.09,6.84,23.77,0,10.0
20.56,42.89,32.86,26.76,15.72,1,10.0
31.73,59.55,40.37,18.54,20.49,0,10.0
26.63,51.71,0.59,23.94,14.24,1,15.02
35.56,50.98,55.34,29.53,8.32,1,10.0
28.52,87.99,52.91,39.75,9.71,2,10.0
37.43,70.82,3.07,31.48,16.44,1,17.48
23.34,67.84,29.46,22.36,19.73,0,11.88
35.64,60.79,78.32,37.78,13.69,0,10.0
33.98,61.45,33.66,41.22,19.82,2,12.18
33.88,67.05,40.16,9.79,19.88,0,17.61
35.21,74.82,72.79,26.28,19.97,1,10.0
33.7,75.11,57.38,16.38,16.37,0,10.57
31.27,48.58,46.57,6.88,23.55,1,30.52
22.36,65.01,63.82,31.74,16.32,1,10.0
20.59,60.6,69.15,39.51,15.65,1,10.0
36.58,83.53,36.55,11.52,11.39,1,10.39
31.1,71.57,38.01,37.5,13.23,2,10.0
34.34,66.63,30.88,39.14,8.72,1,10.0
28.67,45.77,77.34,41.57,18.77,1,10.0
22.11,70.28,55.77,15.61,12.23,2,10.0
22.25,45.86,6.66,41.16,13.17,2,10.0
32.34,56.86,69.04,17.83,21.1,1,10.0
27.75,47.14,38.44,27.09,13.56,2,10.0
23.61,74.6,5.5,7.02,12.12,0,14.34
28.85,50.31,43.98,6.76,10.87,1,10.0
21.16,59.59,33.37,33.81,21.17,2,15.36
30.48,84.78,70.22,22.78,10.21,0,10.0
24.84,50.22,16.32,15.25,15.71,0,10.0
34.36,65.39,66.12,12.62,16.62,1,10.0
25.59,60.96,44.62,31.8,19.69,1,10.0
28.19,40.91,4.37,5.02,18.77,1,19.87
20.21,79.64,77.75,37.24,21.78,1,10.0
21.3,43.45,41.01,8.17,8.76,2,10.0
27.06,63.71,23.27,12.66,13.04,1,20.68
28.64,68.03,37.55,20.45,12.76,0,10.0
30.8,71.42,68.63,24.39,10.48,2,10.0
25.25,74.43,24.39,19.2,12.92,0,10.0
32.51,52.66,15.41,17.83,13.27,0,12.95
35.48,40.5,10.33,43.56,16.87,0,10.0
34.04,76.17,23.83,30.66,19.28,1,18.03
20.71,66.78,62.4,5.94,14.48,0,10.0
28.65,81.81,37.73,22.21,20.23,0,10.0
21.89,81.07,18.2,40.0,13.71,1,10.0
24.36,82.17,13.29,17.06,12.93,0,10.0
37.76,64.25,26.62,8.78,17.2,1,17.34
22.56,56.68,75.19,35.34,8.4,2,10.0
28.98,79.58,27.44,29.24,9.36,1,10.0
31.13,62.56,79.05,27.81,15.11,0,10.0
32.64,49.17,38.82,7.14,24.03,0,15.52
30.07,82.75,14.33,10.62,20.27,2,23.88
20.18,84.13,71.29,29.9,9.5,0,10.0
25.88,63.32,36.83,13.31,22.39,2,28.13
29.32,43.78,56.77,25.16,20.45,0,10.0
21.58,59.39,78.7,26.8,18.39,2,10.0
26.31,80.18,4.01,16.34,21.94,1,17.53
20.6,85.09,7.74,42.94,14.87,1,10.0
21.41,50.17,57.64,38.7,11.77,1,10.0
27.14,43.35,22.55,33.89,16.7,1,10.0
22.39,83.87,14.74,8.12,17.33,1,16.9
30.22,59.47,3.15,9.25,17.15,1,34.18
32.41,67.09,1.75,24.71,17.61,1,21.18
34.41,88.4,61.96,11.43,24.13,0,10.0
23.6,43.33,10.75,44.13,23.34,0,10.0
23.01,72.42,37.42,11.34,22.89,1,10.0
21.88,43.71,48.47,24.5,21.62,0,10.0
31.46,58.77,34.27,19.56,24.04,1,20.53
32.72,80.19,2.17,30.58,9.67,0,14.6
20.57,61.67,62.68,10.16,12.51,1,10.0
36.85,89.86,0.84,22.21,16.42,0,14.13
20.94,67.95,60.95,15.99,22.39,1,10.0
29.74,56.06,71.46,40.51,16.59,0,10.0
32.76,51.01,34.63,6.62,20.72,0,16.52
35.68,57.53,42.84,41.55,10.36,0,10.0
32.85,58.63,38.16,38.32,12.29,2,10.0
34.43,43.44,31.14,16.9,20.44,0,10.21
26.11,58.48,70.99,36.57,10.8,1,10.0
34.67,63.21,71.51,6.25,13.97,0,10.0
21.44,76.14,26.87,43.67,12.5,0,10.0
36.11,72.84,49.21,26.06,13.95,1,13.53
29.86,75.44,74.15,17.13,20.04,1,11.42
34.71,40.42,76.96,19.5,14.25,2,10.0
28.14,50.88,40.72,7.66,17.44,2,10.0
31.58,73.08,36.23,44.57,9.7,1,10.0
29.48,64.2,22.3,6.57,21.69,1,28.61
33.17,40.27,76.71,31.2,14.29,1,10.0
21.47,80.22,11.43,22.71,19.03,1,21.2
21.09,78.64,46.39,42.96,20.33,2,10.0
24.45,67.42,22.6,14.84,11.56,1,14.3
22.87,43.32,22.32,26.28,23.04,1,21.24
35.69,78.33,32.4,24.29,18.48,0,20.45
23.95,69.19,79.9,33.11,15.29,0,10.0
37.57,79.1,4.4,7.72,11.1,2,20.53
26.06,77.59,46.28,12.75,24.02,1,13.68
23.28,80.15,6.61,13.58,20.84,1,24.55
34.21,65.9,12.36,34.53,11.54,0,10.0
31.86,47.02,35.17,12.57,13.74,2,10.23
28.97,73.56,40.84,27.94,21.76,0,10.0
30.0,71.02,20.7,13.61,19.83,2,21.52
32.95,77.11,25.32,39.46,21.02,0,11.25
24.11,48.49,6.96,42.69,15.5,2,17.96
37.93,49.75,24.26,25.74,20.18,1,24.05
37.55,84.52,77.32,19.09,14.57,0,10.0
31.71,77.5,75.58,14.36,11.59,1,10.0
23.59,85.41,26.79,6.99,18.76,1,10.0
32.24,77.94,45.67,15.74,24.59,0,10.68
21.3,69.86,72.77,31.17,13.28,2,10.0
20.55,72.71,0.49,26.34,15.84,1,11.12
24.64,84.46,64.85,42.76,19.46,1,10.0
28.33,68.94,75.87,20.85,17.21,0,10.0
35.63,71.62,7.31,32.75,22.34,1,26.68
33.09,47.82,12.92,24.57,20.95,2,24.69
33.37,63.7,76.86,25.5,8.99,1,10.0
27.66,75.82,43.0,15.71,24.97,2,18.93
26.23,53.55,1.14,23.2,20.79,2,26.21
26.68,50.11,20.61,23.83,22.69,0,19.42
37.78,55.69,36.0,33.27,19.07,0,10.0
20.72,52.08,55.43,42.63,22.56,2,10.0
35.61,50.75,58.65,18.17,9.91,1,10.0
30.42,61.24,79.63,6.69,13.91,0,10.0
27.9,85.39,23.0,24.85,22.9,0,17.54
33.05,65.35,43.06,26.78,11.43,1,10.0
28.76,49.4,42.67,11.74,9.33,1,10.0
35.72,43.85,32.45,35.42,21.4,0,10.0
36.21,74.81,13.53,44.4,22.2,0,10.0
27.59,59.14,78.2,42.83,10.77,2,10.0
24.98,81.09,68.27,12.88,22.52,1,10.0
30.66,72.98,39.87,40.01,19.68,1,10.0
36.42,79.81,48.26,33.18,16.84,1,10.0
23.79,53.6,18.18,23.15,22.11,1,17.74
31.21,74.62,43.5,26.62,15.13,1,10.0
31.37,53.2,55.6,38.98,11.3,1,10.0
33.2,86.95,41.21,24.21,12.84,0,10.0
22.37,71.82,79.22,19.93,16.59,1,10.0
32.88,56.23,48.91,24.73,17.03,1,10.0
36.36,53.48,29.68,28.17,21.69,2,30.78
23.23,49.55,61.77,12.56,21.45,1,10.0
24.28,74.73,13.64,41.04,17.88,2,10.81
37.49,50.94,30.76,31.97,21.27,2,12.79
23.26,69.77,27.76,30.33,11.26,0,10.0
35.38,53.23,34.54,8.98,8.85,1,10.0
28.86,73.1,62.54,29.17,22.85,1,10.0
24.45,80.75,38.73,9.84,9.28,2,10.0
35.67,78.9,63.52,8.15,12.19,1,10.0
28.02,78.04,46.12,26.09,19.82,1,10.0
29.27,49.39,27.37,21.11,14.96,1,10.0
26.47,44.42,64.8,28.55,22.9,0,10.0
30.67,74.95,19.06,8.57,13.07,0,15.88
22.94,58.42,17.95,22.24,8.2,1,10.0
27.04,61.62,40.36,11.99,13.11,1,10.0
37.45,41.56,20.87,44.48,17.83,1,18.93
24.65,52.98,0.73,27.45,14.39,1,12.79
31.82,41.68,51.86,32.5,17.09,0,10.0
25.85,83.96,40.89,18.02,22.9,1,10.23
33.92,52.17,35.64,8.79,23.51,0,15.95
22.36,67.87,77.36,44.03,12.52,2,10.0
37.46,41.95,45.7,16.45,15.86,2,10.69
28.17,73.34,69.07,21.95,17.34,1,10.0
24.25,56.15,11.16,30.99,24.13,0,10.0
21.32,84.9,45.54,5.99,24.98,0,15.23
23.06,84.41,69.44,37.41,12.0,1,10.0
29.36,56.26,46.65,26.46,20.36,1,10.0
26.07,85.05,57.44,16.13,14.43,1,10.0
34.92,89.81,29.76,7.46,8.14,0,16.38
27.76,81.27,7.4,11.5,8.16,1,13.17
24.48,82.24,36.63,40.8,15.83,1,10.0
31.11,52.45,31.56,32.44,16.3,1,10.0
32.72,68.84,69.36,15.0,8.38,1,10.0
23.01,43.36,19.52,7.62,19.68,0,15.18
23.02,44.75,77.34,32.62,13.0,1,10.0
20.66,89.94,76.65,27.9,17.52,2,10.0
33.26,56.33,19.81,21.18,13.12,1,10.26
31.95,77.41,27.84,19.54,10.84,2,14.69
28.54,80.33,71.64,13.67,14.92,1,10.0
35.2,82.9,77.33,31.78,11.95,0,10.0
34.5,89.88,35.48,43.83,17.09,1,10.0
30.54,52.07,25.68,12.03,11.38,1,12.35
35.63,42.02,42.09,28.88,16.64,1,10.0
23.71,60.56,55.02,21.97,10.68,0,10.0
22.01,46.5,21.88,22.87,19.41,1,10.78
24.86,41.12,58.92,15.17,20.82,0,10.0
21.03,58.02,4.13,38.01,9.88,0,10.0
29.56,79.19,3.94,24.41,15.95,1,19.0
36.86,68.31,30.9,26.74,9.2,1,10.0
20.71,55.64,28.28,17.19,18.17,2,10.91
22.2,72.72,25.25,12.27,12.49,1,12.76
28.14,51.6,39.28,8.44,16.97,1,20.53
36.81,40.72,25.66,33.56,16.8,1,13.82
25.69,78.22,15.38,12.85,23.71,1,27.44
29.13,71.19,24.76,32.6,17.33,0,10.0
20.75,78.12,77.99,20.62,17.91,2,10.0
22.67,41.95,32.89,21.63,14.83,1,10.0
37.76,81.86,35.58,23.77,24.13,2,28.78
37.37,70.98,46.12,19.71,21.21,1,20.83
20.09,68.17,78.67,9.02,12.85,0,10.0
37.13,71.23,19.33,17.39,22.35,1,21.31
31.5,83.22,54.5,31.55,15.35,0,10.0
35.62,69.35,57.28,31.63,22.09,1,10.0
28.19,69.05,48.59,16.45,21.99,0,10.0
29.28,89.53,7.09,23.4,11.21,1,14.55
28.8,77.84,54.15,12.74,19.92,2,19.26
32.0,62.11,5.13,13.41,12.94,1,26.23
22.51,75.37,47.69,5.92,13.06,2,10.0
20.54,59.46,59.17,40.87,13.04,1,10.0
25.54,51.44,16.88,13.43,20.33,1,26.9
32.68,69.84,67.33,14.1,11.91,2,10.0
23.63,86.41,2.43,16.18,8.02,2,14.85
32.12,86.46,67.51,10.1,20.16,1,12.09
37.46,57.1,36.83,30.57,10.91,0,10.0
21.69,66.38,17.41,8.01,9.78,1,13.86
32.11,50.58,10.7,10.37,12.04,0,14.44
27.99,89.78,76.26,30.79,14.46,1,10.0
35.63,89.06,5.81,18.59,16.09,1,15.58
23.19,72.48,15.93,33.32,8.76,2,10.0
32.47,80.22,27.83,27.3,24.5,2,20.23
35.09,75.76,49.62,15.24,20.17,1,12.7
37.0,69.66,43.58,31.03,13.49,0,10.0
32.3,42.67,10.05,9.65,13.42,2,22.43
28.95,62.74,23.18,26.46,15.63,0,10.0
31.12,73.74,19.1,22.49,18.65,1,20.21
35.64,73.88,17.08,15.71,10.49,0,12.08
30.27,58.66,32.89,29.16,11.21,1,10.0
20.55,87.08,56.32,39.85,22.61,2,10.0
36.76,48.37,17.4,44.96,12.36,0,10.0
32.41,65.02,29.33,29.31,14.46,1,10.0
32.18,74.54,31.27,21.19,22.81,1,14.98
23.88,74.86,78.12,14.01,19.27,2,10.0
31.86,72.43,76.37,15.28,13.81,2,10.0
27.09,53.76,64.01,24.18,19.62,0,10.0
31.72,47.81,19.33,19.69,8.33,0,10.0
21.92,71.8,5.44,41.55,20.51,1,10.0
31.84,69.97,25.35,19.73,16.28,1,14.93
37.99,48.97,21.34,19.94,21.82,1,23.93
20.87,75.26,40.47,20.34,24.23,0,10.0
37.59,62.76,62.22,38.46,23.74,0,10.0
27.32,73.39,68.67,31.03,23.46,1,10.0
35.67,81.87,67.59,29.57,16.71,0,10.0
34.08,48.49,28.77,18.37,14.12,2,10.92
30.21,40.96,54.98,37.72,15.91,0,10.0
33.29,78.96,25.03,6.53,19.73,0,18.36
35.81,70.48,4.87,39.83,23.03,2,26.19
27.27,74.98,56.13,25.51,11.52,1,10.0
25.89,81.91,0.79,20.93,23.61,1,21.3
32.02,80.14,32.73,24.89,21.86,0,10.0
34.54,88.05,26.35,31.7,24.64,1,13.32
33.72,66.8,55.47,5.51,22.96,1,17.37
34.36,64.42,61.3,39.86,12.76,1,10.0
27.84,60.09,24.33,22.87,9.8,2,18.65
34.72,47.68,64.93,18.72,9.91,1,10.0
22.16,68.63,23.51,10.53,12.95,1,11.89
29.8,53.85,35.71,22.58,18.44,1,12.82
20.1,86.07,58.16,24.85,21.67,1,10.0
25.84,69.16,55.43,21.15,23.29,0,10.0
26.6,69.64,78.99,32.15,18.6,1,10.0
27.13,57.75,18.01,21.84,8.1,1,10.0
32.52,42.6,52.99,43.46,11.17,1,10.0
26.99,41.59,48.77,28.97,9.7,1,10.0
28.08,61.17,73.21,37.3,14.18,1,10.0
24.28,44.23,12.51,9.37,16.52,2,26.25
26.72,70.34,60.14,20.89,8.74,0,10.0
24.09,84.05,45.46,18.47,13.92,1,10.0
21.32,84.15,21.97,27.78,11.05,1,10.0
30.86,72.95,37.95,39.44,19.0,1,10.0
32.03,50.56,26.7,8.13,15.89,1,22.98
31.15,83.15,46.35,7.9,16.42,0,10.0
28.34,84.3,71.12,39.01,15.27,1,10.0
26.84,49.83,45.54,13.51,24.25,0,10.0
35.54,76.87,50.54,31.75,11.65,2,10.0
29.34,54.33,41.5,26.72,16.78,1,10.74
28.63,80.13,4.09,38.32,20.51,2,21.77
20.46,89.86,18.63,10.0,17.47,1,12.71
26.14,41.5,39.36,10.19,23.79,1,17.41
26.84,84.87,24.82,27.27,14.43,1,10.0
27.18,71.13,14.54,42.86,15.88,2,11.0
30.44,88.67,40.33,21.6,9.5,2,10.0
29.6,63.25,25.82,18.08,18.35,0,12.78
30.94,82.37,20.65,29.27,12.9,1,10.0
33.77,43.12,37.12,42.22,10.73,1,10.0
34.63,56.76,10.66,38.48,17.26,0,10.0
32.93,43.35,74.22,44.82,17.05,1,10.0
37.2,88.77,69.42,5.9,9.29,2,10.0
20.33,80.85,56.61,9.51,19.87,1,10.0
23.52,82.63,8.5,29.38,18.6,1,17.1
20.14,86.9,62.07,37.82,11.21,1,10.0
31.65,44.26,64.64,16.41,15.98,1,10.0
36.16,59.28,61.42,14.57,20.25,0,10.0
24.38,43.55,9.12,36.48,17.0,1,11.84
36.69,50.54,51.51,7.26,14.72,2,16.55
21.08,51.47,66.75,19.78,13.48,1,10.0
36.82,63.46,46.19,25.23,18.38,0,10.0
26.33,53.43,51.71,27.41,23.96,0,10.0
21.83,45.05,36.67,34.14,19.42,0,10.0
28.75,48.37,42.3,19.19,9.27,1,10.0
24.62,47.36,2.75,29.51,15.83,1,10.83
25.13,88.65,51.12,28.42,23.14,0,10.0
25.53,77.96,6.52,26.9,9.61,2,13.5
34.45,88.39,34.8,30.62,24.81,1,10.0
29.7,61.99,23.41,15.38,24.13,1,24.51
25.6,53.92,43.63,8.39,9.33,2,10.0
30.99,79.91,10.67,9.77,23.87,0,27.42
32.89,56.31,55.33,13.98,14.17,2,15.59
24.91,54.97,63.6,25.01,22.36,0,10.0
27.44,51.63,13.07,38.62,15.11,1,16.2
22.19,46.48,8.35,33.05,15.49,2,11.47
23.26,52.82,11.64,36.56,18.78,2,16.93
32.26,57.77,70.17,19.04,21.17,1,10.31
23.27,73.7,42.26,21.19,8.57,1,10.0
29.45,43.13,37.38,20.75,18.08,1,15.22
32.76,50.53,8.54,12.67,11.17,2,19.46
21.92,80.45,51.96,7.45,13.88,0,10.0
30.21,47.35,69.44,28.64,13.92,2,10.0
24.62,57.13,66.25,44.57,15.97,1,10.0
37.33,83.23,50.08,11.67,13.68,1,13.05
28.7,47.75,6.02,6.87,9.83,1,24.67
34.51,44.14,8.99,36.18,10.48,1,13.68
29.9,64.23,3.94,15.1,8.57,2,17.2
20.78,55.12,20.6,38.19,15.99,1,10.0
31.4,68.17,10.85,33.16,24.23,2,27.63
37.13,80.19,20.8,42.83,9.97,0,10.0
30.83,46.86,30.8,21.36,24.09,1,22.72
34.75,69.03,75.44,31.48,20.47,2,10.48
35.92,65.28,48.83,23.59,18.84,1,10.0
24.11,47.2,66.8,30.22,18.97,1,10.0
23.82,71.2,56.83,22.98,22.05,1,10.0
31.0,53.68,9.0,12.55,9.82,2,19.71
27.4,64.39,58.87,25.32,16.58,2,10.0
35.12,44.11,22.01,26.14,19.85,0,14.66
36.2,62.98,51.13,37.42,17.98,2,10.0
26.36,55.32,27.28,34.42,22.16,1,10.13
24.26,81.12,79.81,31.55,9.23,0,10.0
34.05,42.85,21.08,9.54,19.74,2,33.74
24.95,60.93,22.33,33.82,17.08,1,10.0
34.81,62.92,74.45,25.01,14.45,2,10.0
27.63,76.25,1.97,40.76,13.78,0,10.0
32.02,68.71,55.74,41.79,18.55,0,10.0
21.72,73.36,58.03,7.21,23.15,1,17.45
31.23,78.85,66.91,37.83,16.43,0,10.0
28.13,83.11,77.96,6.51,22.02,1,10.0
30.56,55.69,78.05,19.69,14.84,0,10.0
23.02,66.9,5.22,26.69,9.74,1,12.69
33.26,82.01,65.75,10.92,9.05,0,10.0
35.53,89.47,51.7,34.85,8.87,0,10.0
23.9,84.48,51.79,5.33,14.46,1,10.0
21.72,58.57,10.27,11.74,13.73,0,10.0
20.43,49.76,52.01,28.23,20.2,1,10.0
31.56,64.47,78.6,33.58,20.63,2,10.0
30.93,77.08,72.95,41.67,8.86,1,10.0
29.84,64.63,35.13,33.22,11.76,2,10.0
24.18,64.16,3.2,31.87,12.66,0,10.0
27.04,81.91,28.98,20.77,17.31,0,13.1
30.7,58.07,66.11,5.05,10.46,2,10.0
28.94,82.99,56.12,9.81,10.28,1,10.0
37.78,60.34,36.75,26.38,24.04,1,18.14
22.46,56.41,4.41,32.01,21.67,1,18.35
32.51,62.7,34.15,21.7,11.07,1,10.0
27.28,78.12,37.52,34.23,14.91,0,10.0
27.71,46.3,74.28,25.87,14.05,1,10.0
32.92,49.82,51.29,7.97,21.45,1,11.29
32.46,87.57,24.93,12.68,16.67,1,17.51
37.84,48.77,42.03,38.6,10.17,2,10.0
22.31,68.39,5.28,34.0,20.56,1,14.08
21.87,68.97,77.81,40.79,14.75,0,10.0
33.04,64.48,28.8,9.7,12.47,2,26.24
30.41,72.24,38.23,44.61,14.38,1,10.0
24.93,51.49,28.42,13.38,16.46,1,12.29
21.43,67.63,54.6,5.47,13.83,0,12.31
21.54,58.61,52.98,44.9,12.11,0,10.0
36.1,73.08,57.23,16.24,14.77,1,10.0
23.45,47.06,21.45,31.72,8.33,1,10.0
25.82,68.54,25.25,12.07,21.13,2,23.31
24.08,49.26,10.02,28.21,10.91,2,14.56
26.39,53.93,52.44,41.16,8.75,2,10.0
21.25,50.94,3.18,17.81,19.11,1,15.21
29.34,49.14,47.81,31.81,21.16,1,10.0
21.22,81.29,69.58,12.52,21.84,1,10.0
34.41,54.29,71.27,29.99,16.39,0,10.0
24.21,86.36,35.92,18.46,11.49,0,10.0
29.72,88.5,36.74,13.45,20.53,1,13.57
35.84,68.56,6.16,17.53,19.9,2,22.56
31.72,47.15,53.66,12.15,12.19,0,10.0
29.59,58.73,65.7,41.08,23.36,0,10.0
25.84,79.89,19.57,20.89,9.77,2,10.0
25.99,58.37,33.7,14.81,24.71,0,12.7
32.05,44.35,67.11,22.94,22.62,1,10.0
37.89,67.84,70.17,17.82,19.69,1,15.79
31.91,82.26,19.45,34.78,23.96,0,14.63
30.04,79.8,44.05,43.85,20.28,2,10.0
33.15,48.76,15.4,22.52,11.24,0,10.0
28.37,73.64,8.15,39.44,15.52,1,10.0
21.08,51.03,72.89,27.63,9.22,0,10.0
30.12,50.91,65.64,11.29,14.62,0,10.0
37.24,83.7,60.8,32.62,20.61,0,10.0
23.16,52.48,3.9,25.54,14.57,0,10.0
32.42,53.16,67.5,31.02,13.62,0,10.0
23.62,40.03,35.04,40.59,18.12,1,10.0
29.64,83.53,27.39,22.62,22.83,1,25.58
21.74,79.63,43.72,41.05,8.81,1,10.0
28.11,71.37,7.31,35.03,14.55,1,19.55
33.61,77.51,60.53,24.54,10.69,2,10.0
26.26,47.6,46.59,29.13,19.82,2,10.0
31.97,62.92,14.93,18.02,9.8,1,19.92
34.32,57.56,15.06,44.34,19.3,2,16.47
36.69,44.69,14.74,31.69,12.87,1,14.09
24.22,64.31,4.56,6.75,11.38,1,18.07
27.19,86.04,47.02,18.06,23.92,1,10.0
22.74,42.0,67.23,29.93,8.31,1,10.0
37.86,54.57,1.4,7.25,15.44,1,32.05
36.69,50.38,3.92,5.96,8.37,1,24.29
29.72,51.91,45.82,23.0,16.22,2,10.0
35.16,85.42,65.56,18.31,16.52,2,10.5
29.38,63.4,26.14,22.53,13.47,1,10.0
31.22,63.31,27.97,15.51,10.25,1,13.49
21.6,78.03,47.71,11.59,14.4,0,10.0
33.59,47.72,21.94,32.57,19.43,0,11.01
22.3,64.36,2.13,25.58,21.3,1,21.85
34.87,61.5,58.82,13.01,17.02,1,10.0
34.08,69.85,50.05,17.78,18.03,0,10.0
32.76,89.98,46.46,28.67,11.41,2,10.0
20.65,78.47,59.33,7.89,12.88,1,10.0
25.46,59.89,54.02,10.9,10.75,1,10.0
24.74,81.38,16.47,7.93,12.24,0,15.59
26.48,48.54,28.2,37.49,11.82,0,10.0
21.58,41.52,10.09,35.1,16.83,2,14.58
36.87,50.22,10.39,35.13,17.57,1,14.34
29.97,57.02,54.1,33.65,24.06,2,10.34
25.5,65.53,68.69,31.78,11.32,2,10.0
27.15,70.76,77.02,24.08,18.91,1,10.0
28.05,85.53,50.27,30.69,21.89,0,10.0
30.81,65.49,14.73,6.53,17.52,2,28.24
29.28,65.06,8.45,29.86,12.34,2,12.76
36.55,42.51,65.03,36.12,12.46,1,10.0
28.95,41.75,46.3,25.01,8.67,1,10.0
37.86,67.56,49.46,19.3,13.19,1,10.61
35.33,61.91,62.52,16.1,20.66,1,10.53
23.75,81.96,56.26,30.71,8.81,1,10.0
36.75,48.03,66.76,32.71,11.73,2,10.0
22.09,41.25,4.5,39.84,20.01,1,13.47
34.71,62.45,59.8,18.69,21.31,0,10.0
26.85,51.87,68.07,35.79,15.74,1,10.0
35.8,42.48,22.89,27.45,19.87,0,14.73
35.63,76.23,51.24,40.31,14.6,0,10.0
34.51,45.58,25.13,26.11,10.72,2,17.15
34.22,70.42,76.64,25.71,14.77,0,10.0
25.48,54.05,2.67,28.12,17.86,0,10.0
21.46,48.67,46.38,34.97,24.12,1,10.0
27.25,58.99,13.32,43.59,9.17,1,10.0
23.12,80.07,56.98,7.94,16.63,1,10.0
32.51,59.6,14.07,7.14,13.59,0,19.72
26.23,77.54,18.83,42.5,16.64,0,10.0
37.56,46.27,39.55,26.2,8.41,0,10.0
31.54,78.64,73.19,29.6,13.32,1,10.0
34.8,51.85,16.94,24.3,21.94,0,10.6
22.39,73.87,11.54,8.75,17.42,2,18.32
35.52,68.29,60.72,35.72,15.66,1,10.0
36.61,86.46,40.05,34.89,12.85,0,10.0
28.77,59.37,72.94,17.47,13.07,1,10.0
30.91,43.31,11.73,17.25,14.51,1,12.27
33.77,40.96,51.67,38.51,22.2,1,13.07
23.15,81.34,18.63,7.89,24.44,0,13.37
29.05,66.24,12.54,40.24,15.46,1,15.23
27.18,78.76,54.67,15.27,14.69,1,10.15
22.63,51.72,47.49,28.72,22.39,2,13.83
26.62,57.25,60.39,42.44,15.26,0,10.0
21.23,41.51,24.76,32.12,17.38,1,10.0
20.46,88.07,35.84,21.58,11.93,1,10.0
22.43,73.39,32.44,32.58,20.64,2,15.04
37.34,86.66,78.73,18.76,17.04,2,10.0
29.89,53.27,23.38,16.09,21.75,0,14.27
37.38,70.57,23.59,44.87,21.27,0,10.0
27.78,73.92,28.36,35.03,11.66,1,10.0
25.61,55.88,45.17,30.79,20.17,0,10.0
29.11,82.41,20.19,19.21,21.6,1,25.52
27.91,87.36,73.22,6.97,13.88,0,10.0
21.9,84.24,21.25,6.24,10.93,1,11.05
31.53,76.95,71.67,27.17,8.04,2,10.0
23.89,53.87,8.28,35.48,15.67,2,21.6
31.15,54.08,52.53,26.5,13.99,1,10.0
31.7,88.17,72.56,38.63,17.43,1,10.0
22.74,40.51,13.5,6.34,11.2,2,10.0
21.1,75.8,77.47,19.67,22.61,0,10.0
34.05,75.31,36.23,14.48,12.38,1,22.98
28.28,71.13,75.66,22.89,11.85,1,10.0
21.05,89.51,54.15,7.9,16.17,0,10.0
37.91,55.59,24.13,43.17,16.48,1,14.14
21.04,57.0,15.06,13.93,11.66,0,10.0
32.51,43.95,24.3,41.89,12.62,1,10.0
37.71,62.14,7.44,22.04,10.88,0,18.56
24.31,53.05,11.51,44.42,20.21,1,10.46
22.56,57.17,8.37,27.16,21.09,0,10.0
22.18,81.73,33.84,42.23,15.86,2,10.0
25.46,86.77,63.65,5.21,20.14,1,12.67
21.82,49.29,11.31,34.93,20.51,1,14.17
32.46,58.63,10.43,41.12,10.35,1,10.0
21.12,86.43,51.47,10.59,24.43,1,16.99
29.17,43.09,15.77,8.85,21.96,0,19.52
37.94,44.62,7.81,21.98,11.48,1,19.29
34.65,48.14,13.35,42.35,11.16,0,10.0
31.07,69.76,73.9,26.7,10.14,0,10.0
25.51,47.52,65.72,26.1,10.35,1,10.0
31.23,88.4,28.33,10.65,20.72,0,14.89
29.49,62.34,52.47,5.03,15.98,1,10.0
27.67,65.08,42.98,37.41,21.31,1,10.0
22.35,52.33,54.17,8.5,20.69,1,14.77
35.96,63.55,54.61,30.35,18.28,1,10.0
28.1,73.1,50.3,41.58,19.67,1,10.0
23.5,77.56,21.29,13.35,8.31,1,10.0
26.62,77.69,3.12,31.61,13.3,1,10.86
27.45,68.89,36.45,8.15,18.84,0,10.89
34.9,85.22,71.28,29.15,8.16,1,10.0
33.21,80.87,45.56,11.56,8.56,1,10.0
33.85,77.85,66.59,34.44,22.48,1,10.0
20.2,42.78,79.33,17.05,19.63,2,10.0
27.49,40.34,13.09,23.54,12.51,2,10.0
28.66,50.62,55.34,28.98,19.7,0,10.0
20.35,73.18,53.94,11.85,21.47,0,10.0
24.68,60.56,78.4,34.67,13.22,0,10.0
33.69,60.12,78.85,17.11,8.61,0,10.0
22.47,84.23,54.93,31.49,23.86,0,10.0
29.64,84.78,19.49,11.33,13.87,1,13.59
23.87,85.46,63.88,32.52,9.81,2,10.0
20.22,55.69,8.56,10.13,16.36,1,24.78
24.34,74.55,62.46,22.01,21.06,0,10.0
37.57,53.58,72.82,14.89,11.77,1,10.0
34.43,49.53,30.63,34.94,12.58,1,10.0
37.27,49.23,50.45,15.48,12.13,2,14.73
28.78,57.11,34.41,40.27,24.86,2,23.03
21.98,61.5,35.02,40.67,11.36,2,10.0
29.86,81.55,24.83,12.86,17.78,1,17.79
28.18,45.99,60.97,29.55,23.73,1,10.0
35.2,76.75,74.89,8.51,10.5,0,10.0
21.77,66.57,75.26,20.66,24.5,1,10.0
28.79,54.4,13.98,33.53,24.11,0,18.99
22.7,64.64,69.98,31.38,23.04,1,10.0
25.84,55.0,58.99,29.99,11.65,1,10.0
33.27,69.8,20.23,16.3,18.78,0,19.68
28.57,61.69,5.38,20.12,20.94,0,16.98
26.77,48.22,21.44,9.12,24.76,0,15.92
27.1,45.83,72.98,33.76,11.07,0,10.0
28.27,67.33,50.65,25.16,21.02,0,10.0
34.13,85.12,57.68,33.35,13.76,0,10.0
36.06,57.2,20.57,14.96,10.99,0,16.61
37.2,76.65,57.55,17.98,15.16,0,10.0
34.16,72.93,2.25,18.37,21.5,2,46.5
25.68,86.58,30.03,6.03,15.9,1,23.09
32.39,81.05,50.14,18.64,17.14,0,10.0
27.88,68.33,11.69,37.13,24.92,1,17.61
24.58,72.85,65.84,40.89,14.78,2,10.0
35.14,84.92,18.8,25.73,18.46,1,15.23
20.69,59.98,52.18,23.22,14.21,0,10.0
36.23,56.34,32.42,6.23,14.68,1,18.47
28.31,40.54,47.68,40.17,19.83,1,10.0
31.47,81.33,8.6,5.52,23.94,1,33.06
31.87,80.05,1.35,42.79,17.22,1,10.0
36.11,45.22,72.77,24.57,21.06,2,10.2
31.46,68.84,21.57,18.68,9.52,2,14.56
31.05,63.2,65.57,41.97,11.59,1,10.0
21.2,45.94,79.95,5.98,16.54,1,10.0
29.33,89.03,16.91,28.26,8.34,1,11.68
22.7,50.73,21.21,26.96,12.3,2,10.0
33.27,43.36,53.03,13.77,16.8,0,10.0
29.22,69.74,77.24,22.16,8.25,2,10.0
32.24,76.94,73.27,31.09,12.5,0,10.0
20.75,41.62,40.23,34.09,16.74,1,10.0
21.53,72.94,63.61,5.03,17.74,2,10.0
32.89,66.61,10.86,42.47,23.74,0,18.54
21.3,45.16,78.2,11.58,18.97,1,10.0
21.28,48.63,77.15,14.34,15.05,0,10.0
20.22,68.4,13.1,15.54,23.82,1,20.34
37.22,54.82,23.95,6.51,21.34,0,18.67
33.28,86.92,8.01,9.92,11.4,1,24.08
26.36,80.94,21.74,44.45,10.22,1,10.0
25.34,89.18,65.28,17.61,19.49,2,10.3
26.29,52.98,30.27,9.61,17.52,2,10.0
33.94,88.49,7.07,9.28,21.42,0,25.54
31.9,61.56,27.38,33.78,20.56,1,10.22
23.33,57.38,78.51,39.18,18.63,0,10.0
23.13,42.52,50.37,15.28,24.77,0,10.0
21.77,42.64,33.29,5.84,17.07,0,10.0
31.89,74.6,13.32,13.92,9.92,2,18.52
33.76,62.9,78.89,7.26,22.08,2,10.0
24.77,51.33,65.67,9.14,12.28,0,10.0
20.38,70.7,22.52,22.26,21.21,0,16.25
21.48,52.64,5.61,14.2,24.27,0,21.91
37.42,68.88,4.53,25.64,19.85,1,28.91
25.32,57.96,9.63,15.14,18.13,1,25.27
33.85,81.18,46.46,42.62,15.83,0,10.0
31.24,81.03,74.3,41.24,14.19,1,10.0
26.87,63.87,39.74,27.67,14.0,1,10.0
23.7,57.54,67.44,19.18,18.82,2,10.0
22.18,58.13,35.67,20.25,20.77,1,14.51
31.07,80.29,56.69,21.47,19.53,1,10.87
33.94,56.41,58.55,34.1,11.37,1,10.0
31.59,50.45,13.92,23.07,16.4,2,30.51
29.55,44.23,28.9,39.27,21.46,0,10.0
20.76,63.33,50.98,42.76,16.09,1,10.0
37.43,64.11,5.66,18.44,17.12,2,24.62
34.38,82.05,28.92,27.43,21.11,0,22.33
25.27,51.06,42.78,8.8,19.24,0,10.0
37.64,59.05,79.7,13.02,14.96,1,10.0
30.83,80.42,37.96,21.54,23.22,2,18.94
30.48,81.18,65.28,13.25,10.76,1,10.0
33.47,59.23,34.57,40.06,24.92,2,13.84
34.61,62.96,63.71,11.33,10.02,1,10.0
31.82,55.16,47.63,23.23,8.25,0,10.0
22.31,86.63,70.93,29.23,23.13,1,10.0
26.09,45.93,32.88,32.67,12.16,1,10.8
36.71,86.69,48.34,20.32,20.4,0,12.87
24.04,74.19,50.4,39.76,21.79,0,10.0
26.7,66.58,33.39,27.73,22.6,0,13.74
27.78,41.63,11.54,22.58,24.86,1,32.49
27.91,63.78,7.48,7.69,13.0,2,14.82
31.03,60.39,1.33,23.59,20.07,1,17.39
36.98,48.06,69.88,37.83,9.96,2,10.0
24.33,72.82,18.92,29.58,14.92,0,10.0
22.19,88.56,16.92,38.29,22.42,2,12.94
23.55,68.11,58.88,24.76,14.25,2,10.0
35.96,75.74,25.6,9.74,18.05,1,23.7
31.62,43.42,40.48,5.55,16.56,2,20.46
25.15,60.88,13.0,17.13,18.98,0,11.19
34.69,45.82,76.78,32.92,24.54,2,10.0
35.5,70.64,68.13,36.61,8.95,2,10.0
35.24,86.92,69.1,16.83,17.76,1,10.0
36.54,73.09,32.54,24.83,22.67,1,17.54
24.54,43.84,60.99,21.84,16.18,0,10.0
33.59,57.73,11.51,21.42,9.33,1,10.96
28.29,67.53,0.69,14.25,17.53,1,18.2
35.16,60.16,1.6,10.45,13.65,1,24.67
33.11,81.68,46.93,12.87,10.63,1,10.0
33.98,80.73,36.43,7.21,22.43,2,23.69
31.81,70.59,41.44,12.93,16.87,0,10.0
23.19,58.67,0.6,5.37,23.87,2,33.74
29.81,52.77,33.81,30.09,21.7,2,12.09
37.72,45.29,57.45,17.66,19.78,1,16.82
36.87,57.74,35.42,43.93,8.09,0,10.0
20.78,60.66,58.58,12.75,15.27,0,10.0
22.97,73.79,18.64,18.83,11.36,0,10.0
22.37,72.91,65.05,19.31,23.48,1,10.0
33.07,43.51,47.07,5.34,10.97,1,13.77
34.72,59.76,16.86,38.57,12.86,2,13.08
23.84,49.09,18.94,6.28,16.79,1,26.64
29.11,47.84,50.24,42.61,12.48,1,10.0
35.13,81.37,66.4,40.68,11.57,1,10.0
33.19,42.1,33.25,26.42,18.18,2,17.27
29.76,60.96,20.66,26.74,9.51,2,13.17
30.63,48.41,69.36,31.15,8.99,2,10.0
29.15,83.97,53.54,20.48,14.33,1,10.0
25.36,67.85,35.85,30.89,20.25,1,10.0
30.17,51.57,39.03,6.79,17.43,2,21.93
32.4,65.12,16.34,7.16,15.19,1,24.64
35.72,76.57,50.14,23.29,17.62,0,10.43
31.45,87.91,28.7,26.98,14.21,0,10.0
33.7,51.02,79.65,40.51,23.91,0,10.0
22.88,84.31,38.41,9.19,8.93,1,10.0
28.31,86.72,38.87,37.91,19.45,0,10.0
20.17,85.82,45.27,13.4,23.15,0,24.39
24.44,71.77,73.34,20.76,21.67,0,10.0
33.08,71.49,64.07,17.66,11.13,1,10.0
37.85,60.16,36.09,21.01,13.03,1,10.0
21.79,77.62,57.5,11.02,20.19,1,10.0
27.23,66.56,46.9,25.14,9.43,0,10.0
34.4,73.87,39.39,37.07,21.8,0,10.0
23.67,61.42,15.39,22.66,20.22,1,13.73
29.99,76.57,37.11,24.62,20.4,1,10.77
33.2,81.22,19.67,38.95,9.7,0,10.0
31.09,47.32,73.19,33.24,20.2,0,10.0
23.38,81.65,26.83,24.62,19.56,2,16.11
26.4,67.01,76.18,15.31,22.13,1,10.0
34.11,82.23,42.64,40.4,8.71,0,10.0
29.98,61.57,50.52,28.08,8.39,0,10.0
20.09,58.95,43.44,13.85,14.34,2,14.02
33.7,85.75,10.35,15.76,10.53,1,20.78
20.64,52.56,30.07,37.13,17.49,1,10.0
33.42,82.21,7.93,6.77,23.59,1,32.83
23.64,64.2,49.84,44.68,14.66,1,10.0
37.25,65.7,35.75,10.21,22.36,1,20.35
26.62,55.42,62.24,36.84,8.0,1,10.0
25.88,68.65,17.64,20.79,10.86,1,15.81
22.68,56.26,13.17,24.69,8.52,0,10.0
25.5,41.96,32.51,40.23,13.58,2,10.0
35.78,53.6,74.13,21.52,23.44,1,10.0
37.93,40.32,56.83,26.5,9.65,0,10.0
26.63,88.92,33.51,6.97,18.31,2,23.83
28.07,88.29,41.38,5.09,15.68,2,14.99
33.0,59.76,6.74,14.79,23.95,2,43.31
35.95,76.42,78.77,32.22,10.08,2,10.0
30.67,57.29,53.31,9.85,11.6,2,15.59
27.05,73.55,22.83,9.55,8.5,0,10.0
27.43,80.27,46.86,21.44,15.38,2,10.0
32.52,87.34,8.76,30.91,12.72,2,17.63
20.06,60.01,77.27,33.48,22.79,0,10.0
31.15,79.16,13.98,12.14,18.28,0,13.13
26.4,53.3,51.84,8.18,18.44,2,10.0
34.3,89.52,19.64,42.62,17.04,0,10.0
21.67,41.29,57.4,15.43,9.56,2,10.0
30.59,70.18,62.15,39.13,15.57,0,10.0
28.66,72.98,53.87,39.54,24.99,0,10.0
31.56,74.4,49.16,35.9,22.2,1,10.0
21.17,46.02,71.4,11.75,23.19,0,10.0
30.44,86.93,6.29,37.87,21.99,1,10.54
30.11,49.06,26.47,35.77,9.75,1,10.0
30.09,71.14,19.86,28.87,11.87,0,10.0
30.86,51.13,79.04,18.49,8.05,0,10.0
32.18,55.36,31.15,15.5,13.16,1,16.71
34.49,67.32,58.61,9.88,9.85,0,10.0
24.86,60.86,54.78,25.39,16.04,1,10.0
34.85,48.01,16.97,28.41,19.51,1,17.01
28.97,48.55,19.12,19.37,22.87,0,10.0
21.39,60.91,22.5,24.01,20.74,1,14.66
21.05,77.86,32.89,19.54,23.96,0,12.38
26.02,84.9,18.75,30.64,8.92,0,10.0
34.13,44.21,1.57,41.05,8.21,0,10.0
32.74,59.66,70.35,11.56,19.24,2,10.0
34.2,45.01,77.25,20.26,12.92,2,10.0
29.31,40.83,27.33,10.63,12.31,2,12.68
27.92,73.09,27.08,30.0,13.63,1,10.0
22.65,70.12,0.57,34.15,12.59,0,10.0
25.91,48.15,54.42,42.28,16.69,1,10.0
27.81,51.69,66.04,16.15,15.48,1,10.0
21.59,41.19,11.73,43.01,16.71,2,10.0
23.97,81.75,12.77,7.53,19.44,0,13.12
30.77,88.73,63.21,29.12,14.58,0,10.0
33.24,46.77,49.3,7.29,12.27,1,12.94
37.97,51.57,3.59,40.75,10.83,2,11.54
36.8,83.42,49.8,26.19,13.94,2,17.3
31.57,86.32,24.71,31.77,20.61,1,12.42
27.58,60.98,29.5,38.26,20.86,2,19.97
31.45,42.53,61.58,11.01,19.34,1,10.0
34.14,41.97,64.87,6.54,11.98,2,10.0
22.13,68.7,32.03,40.16,18.0,2,10.0
27.38,59.64,75.77,17.6,17.7,2,10.0
35.12,41.43,32.52,10.16,16.23,1,18.53
26.91,69.16,61.75,23.74,17.35,0,10.0
30.29,40.57,38.71,28.93,16.36,1,10.0
30.58,79.37,71.8,6.24,17.61,1,10.0
23.32,55.32,72.62,16.0,20.16,2,10.0
26.52,42.01,6.99,6.31,9.86,0,18.92
26.02,69.42,74.92,21.81,20.74,0,10.0
20.47,59.88,66.04,40.8,10.31,1,10.0
20.44,88.69,63.3,44.31,9.13,0,10.0
34.97,67.21,16.07,30.48,24.59,1,20.58
24.92,53.76,64.41,11.47,24.27,1,10.0
29.33,75.47,68.01,41.23,9.03,1,10.0
25.38,53.57,23.13,25.65,15.54,0,10.0
36.93,85.21,76.18,11.15,11.17,2,10.0
24.67,58.74,3.99,41.87,16.25,1,10.0
27.73,67.49,11.99,35.3,22.11,2,22.89
35.71,42.53,43.01,34.27,24.16,1,11.37
35.15,61.31,46.06,33.37,18.78,0,10.0
23.35,81.62,51.61,13.01,14.02,0,10.0
34.45,80.28,1.36,13.44,18.26,0,23.13
28.25,51.22,76.83,32.53,13.3,1,10.0
28.69,51.3,3.57,13.79,23.47,0,17.89
22.4,80.87,11.44,22.55,22.8,1,17.87
21.45,86.52,1.12,36.28,17.49,1,17.72
33.1,44.77,45.35,36.36,13.52,0,10.0
28.94,62.5,74.58,23.13,12.99,0,10.0
27.86,56.87,53.28,36.69,8.57,1,10.0
33.13,83.53,65.81,38.54,21.87,2,10.0
33.78,44.18,1.06,31.19,15.66,0,11.43
22.86,50.56,43.36,14.14,13.53,0,10.0
30.98,77.62,36.77,15.96,16.01,2,10.0
22.44,42.56,39.92,17.59,21.92,0,10.49
33.52,64.63,5.78,9.67,10.12,2,21.93
31.83,62.11,54.75,15.93,22.58,0,12.59
37.22,56.72,40.26,13.38,23.26,2,31.83
21.24,59.73,61.21,23.21,24.09,1,10.0
21.03,66.5,38.82,41.34,14.76,2,10.0
25.08,48.07,11.95,9.18,11.69,1,11.53
